MISSY;;;;;;;;;;;;;;;;;;;;;;;;;;;;;;;;;;;;;;;;;;;;;;;;;;;;;;;;;;;;;;;;;
EU-SILC;;;;;;;;;;;;;;;;;;;;;;;;;;;;;;;;;;;;;;;;;;;;;;;;;;;;;;;;;;;;;;;;;
Variables over time;;;;;;;;;;;;;;;;;;;;;;;;;;;;;;;;;;;;;;;;;;;;;;;;;;;;;;;;;;;;;;;;;
Cross-sectional;;;;;;;;;;;;;;;;;;;;;;;;;;;;;;;;;;;;;;;;;;;;;;;;;;;;;;;;;;;;;;;;;
;;2019;2019;2019;2019;2018;2018;2018;2018;2017;2017;2017;2017;2016;2016;2016;2016;2015;2015;2015;2015;2014;2014;2014;2014;2013;2013;2013;2013;2012;2012;2012;2012;2011;2011;2011;2011;2010;2010;2010;2010;2009;2009;2009;2009;2008;2008;2008;2008;2007;2007;2007;2007;2006;2006;2006;2006;2005;2005;2005;2005;2004;2004;2004;2004
;;Personal Data;Personal Register;Household Data;Household Register;Personal Data;Personal Register;Household Data;Household Register;Personal Data;Personal Register;Household Data;Household Register;Personal Data;Personal Register;Household Register;Household Data;Personal Data;Personal Register;Household Data;Household Register;Personal Data;Personal Register;Household Data;Household Register;Personal Data;Personal Register;Household Data;Household Register;Personal Data;Personal Register;Household Data;Household Register;Personal Data;Personal Register;Household Data;Household Register;Personal Data;Personal Register;Household Data;Household Register;Personal Data;Personal Register;Household Data;Household Register;Personal Data;Personal Register;Household Data;Household Register;Personal Data;Personal Register;Household Data;Household Register;Personal Data;Personal Register;Household Data;Household Register;Personal Data;Personal Register;Household Data;Household Register;Personal Data;Personal Register;Household Data;Household Register
1 Demographic background;;;;;;;;;;;;;;;;;;;;;;;;;;;;;;;;;;;;;;;;;;;;;;;;;;;;;;;;;;;;;;;;;
1.1 Basic demographic data;;;;;;;;;;;;;;;;;;;;;;;;;;;;;;;;;;;;;;;;;;;;;;;;;;;;;;;;;;;;;;;;;
;Year of Immigration;;RB031;;;;RB031;;;;RB031;;;;RB031;;;;RB031;;;;RB031;;;;RB031;;;;RB031;;;;RB031;;;;RB031;;;;;;;;;;;;;;;;;;;;;;;;;;
;Quarter of Birth;PB130;RB070;;;PB130;RB070;;;PB130;RB070;;;PB130;RB070;;;PB130;RB070;;;PB130;RB070;;;PB130;RB070;;;PB130;RB070;;;PB130;RB070;;;PB130;RB070;;;PB130;RB070;;;PB130;RB070;;;PB130;RB070;;;PB130;RB070;;;PB130;RB070;;;PB130;RB070;;
;Year of birth;PB140;RB080;;;PB140;RB080;;;PB140;RB080;;;PB140;RB080;;;PB140;RB080;;;PB140;RB080;;;PB140;RB080;;;PB140;RB080;;;PB140;RB080;;;PB140;RB080;;;PB140;RB080;;;PB140;RB080;;;PB140;RB080;;;PB140;RB080;;;PB140;RB080;;;PB140;RB080;;
;Sex;PB150;RB090;;;PB150;RB090;;;PB150;RB090;;;PB150;RB090;;;PB150;RB090;;;PB150;RB090;;;PB150;RB090;;;PB150;RB090;;;PB150;RB090;;;PB150;RB090;;;PB150;RB090;;;PB150;RB090;;;PB150;RB090;;;PB150;RB090;;;PB150;RB090;;;PB150;RB090;;
;Residential Status;;RB200;;;;RB200;;;;RB200;;;;RB200;;;;RB200;;;;RB200;;;;RB200;;;;RB200;;;;RB200;;;;RB200;;;;RB200;;;;RB200;;;;RB200;;;;RB200;;;;RB200;;;;RB200;;
;Marital status;PB190;;;;PB190;;;;PB190;;;;PB190;;;;PB190;;;;PB190;;;;PB190;;;;PB190;;;;PB190;;;;PB190;;;;PB190;;;;PB190;;;;PB190;;;;PB190;;;;PB190;;;;PB190;;;
;Consensual union;PB200;;;;PB200;;;;PB200;;;;PB200;;;;PB200;;;;PB200;;;;PB200;;;;PB200;;;;PB200;;;;PB200;;;;PB200;;;;PB200;;;;PB200;;;;PB200;;;;PB200;;;;PB200;;;
;Country of birth;PB210;;;;PB210;;;;PB210;;;;PB210;;;;PB210;;;;PB210;;;;PB210;;;;PB210;;;;PB210;;;;PB210;;;;PB210;;;;PB210;;;;PB210;;;;PB210;;;;PB210;;;;PB210;;;
;Country of birth (numeric);PB210_NUM;;;;PB210_NUM;;;;PB210_NUM;;;;PB210_NUM;;;;PB210_NUM;;;;PB210_NUM;;;;PB210_NUM;;;;PB210_NUM;;;;PB210_NUM;;;;PB210_NUM;;;;PB210_NUM;;;;PB210_NUM;;;;PB210_NUM;;;;PB210_NUM;;;;PB210_NUM;;;;PB210_NUM;;;
;Citizenship 1;PB220A;;;;PB220A;;;;PB220A;;;;PB220A;;;;PB220A;;;;PB220A;;;;PB220A;;;;PB220A;;;;PB220A;;;;PB220A;;;;PB220A;;;;PB220A;;;;PB220A;;;;PB220A;;;;PB220A;;;;PB220A;;;
;Citizenship 1 (numeric);;;;;PB220A_NUM;;;;PB220A_NUM;;;;PB220A_NUM;;;;PB220A_NUM;;;;PB220A_NUM;;;;PB220A_NUM;;;;PB220A_NUM;;;;PB220A_NUM;;;;PB220A_NUM;;;;PB220A_NUM;;;;PB220A_NUM;;;;PB220A_NUM;;;;PB220A_NUM;;;;PB220A_NUM;;;;PB220A_NUM;;;
;Age at the date of the interview;;RX010;;;;RX010;;;;RX010;;;;RX010;;;;RX010;;;;RX010;;;;RX010;;;;RX010;;;;RX010;;;;RX010;;;;RX010;;;;RX010;;;;RX010;;;;RX010;;;;RX010;;;;RX010;;
;Age at the end of the income reference period;PX020;RX020;;;PX020;RX020;;;PX020;RX020;;;PX020;RX020;;;PX020;RX020;;;PX020;RX020;;;PX020;RX020;;;PX020;RX020;;;PX020;RX020;;;PX020;RX020;;;PX020;RX020;;;PX020;RX020;;;PX020;RX020;;;PX020;RX020;;;PX020;RX020;;;PX020;RX020;;
1.2 Region;;;;;;;;;;;;;;;;;;;;;;;;;;;;;;;;;;;;;;;;;;;;;;;;;;;;;;;;;;;;;;;;;
;Country;PB020;RB020;HB020;DB020;PB020;RB020;HB020;DB020;PB020;RB020;HB020;DB020;PB020;RB020;DB020;HB020;PB020;RB020;HB020;DB020;PB020;RB020;HB020;DB020;PB020;RB020;HB020;DB020;PB020;RB020;HB020;DB020;PB020;RB020;HB020;DB020;PB020;RB020;HB020;DB020;PB020;RB020;HB020;DB020;PB020;RB020;HB020;DB020;PB020;RB020;HB020;DB020;PB020;RB020;HB020;DB020;PB020;RB020;HB020;DB020;PB020;RB020;HB020;DB020
;Region (NUTS 1 or 2);;;;DB040;;;;DB040;;;;DB040;;;DB040;;;;;DB040;;;;DB040;;;;DB040;;;;DB040;;;;DB040;;;;DB040;;;;DB040;;;;DB040;;;;DB040;;;;DB040;;;;DB040;;;;DB040
;Degree of urbanisation;;;;DB100;;;;DB100;;;;DB100;;;DB100;;;;;DB100;;;;DB100;;;;DB100;;;;DB100;;;;DB100;;;;DB100;;;;DB100;;;;DB100;;;;DB100;;;;DB100;;;;DB100;;;;DB100
2 Labour and employment;;;;;;;;;;;;;;;;;;;;;;;;;;;;;;;;;;;;;;;;;;;;;;;;;;;;;;;;;;;;;;;;;
2.1 Basic labour information;;;;;;;;;;;;;;;;;;;;;;;;;;;;;;;;;;;;;;;;;;;;;;;;;;;;;;;;;;;;;;;;;
;Basic activity status;;RB210;;;;RB210;;;;RB210;;;;RB210;;;;RB210;;;;RB210;;;;RB210;;;;RB210;;;;RB210;;;;RB210;;;;RB210;;;;RB210;;;;RB210;;;;RB210;;;;RB210;;;;RB210;;
;Person has ever worked;PL015;;;;PL015;;;;PL015;;;;PL015;;;;PL015;;;;PL015;;;;PL015;;;;PL015;;;;PL015;;;;PL015;;;;PL015;;;;PL015;;;;PL015;;;;PL015;;;;PL015;;;;PL015;;;
;Actively looking for a job;PL020;;;;PL020;;;;PL020;;;;PL020;;;;PL020;;;;PL020;;;;PL020;;;;PL020;;;;PL020;;;;PL020;;;;PL020;;;;PL020;;;;PL020;;;;PL020;;;;PL020;;;;PL020;;;
;Available for work;PL025;;;;PL025;;;;PL025;;;;PL025;;;;PL025;;;;PL025;;;;PL025;;;;PL025;;;;PL025;;;;PL025;;;;PL025;;;;PL025;;;;PL025;;;;PL025;;;;PL025;;;;PL025;;;
;Self-defined current economic status;;;;;;;;;;;;;;;;;;;;;;;;;;;;;;;;;;;;;PL030;;;;PL030;;;;PL030;;;;PL030;;;;PL030;;;;PL030;;;;PL030;;;
;Self-defined current economic status (new in 2009);PL031;;;;PL031;;;;PL031;;;;PL031;;;;PL031;;;;PL031;;;;PL031;;;;PL031;;;;PL031;;;;PL031;;;;PL031;;;;;;;;;;;;;;;;;;;;;;;
;Worked at least one hour during the previous week;PL035;;;;PL035;;;;PL035;;;;PL035;;;;PL035;;;;PL035;;;;PL035;;;;PL035;;;;PL035;;;;PL035;;;;PL035;;;;PL035;;;;PL035;;;;PL035;;;;PL035;;;;PL035;;;
;Change of job since last year;PL160;;;;PL160;;;;PL160;;;;PL160;;;;PL160;;;;PL160;;;;PL160;;;;PL160;;;;PL160;;;;PL160;;;;PL160;;;;PL160;;;;PL160;;;;PL160;;;;PL160;;;;PL160;;;
;Reason for change;PL170;;;;PL170;;;;PL170;;;;PL170;;;;PL170;;;;PL170;;;;PL170;;;;PL170;;;;PL170;;;;PL170;;;;PL170;;;;PL170;;;;PL170;;;;PL170;;;;PL170;;;;PL170;;;
;Most recent change in the individuals activity status;PL180;;;;PL180;;;;PL180;;;;PL180;;;;PL180;;;;PL180;;;;PL180;;;;PL180;;;;PL180;;;;PL180;;;;PL180;;;;PL180;;;;PL180;;;;PL180;;;;PL180;;;;PL180;;;
;When began regular first job;PL190;;;;PL190;;;;PL190;;;;PL190;;;;PL190;;;;PL190;;;;PL190;;;;PL190;;;;PL190;;;;PL190;;;;PL190;;;;PL190;;;;PL190;;;;PL190;;;;PL190;;;;PL190;;;
;Number of years spent in paid work;PL200;;;;PL200;;;;PL200;;;;PL200;;;;PL200;;;;PL200;;;;PL200;;;;PL200;;;;PL200;;;;PL200;;;;PL200;;;;PL200;;;;PL200;;;;PL200;;;;PL200;;;;PL200;;;
;Activity status;PX050;;;;PX050;;;;PX050;;;;PX050;;;;PX050;;;;PX050;;;;PX050;;;;PX050;;;;PX050;;;;PX050;;;;PX050;;;;PX050;;;;PX050;;;;PX050;;;;PX050;;;;PX050;;;
2.2 Activity status during income reference period;;;;;;;;;;;;;;;;;;;;;;;;;;;;;;;;;;;;;;;;;;;;;;;;;;;;;;;;;;;;;;;;;
;Main activity status during the income reference period;;;;;;;;;;;;;;;;;;;;;;;;;;;;;;;;;;;;;;;;;;;;;;;;;;;;;;;;;;;;;;;;
;Number of months spent at full-time work;;;;;;;;;;;;;;;;;;;;;;;;;;;;;;;;;;;;;PL070;;;;PL070;;;;PL070;;;;PL070;;;;PL070;;;;PL070;;;;PL070;;;
;Number of months spent at part-time work;;;;;;;;;;;;;;;;;;;;;;;;;;;;;;;;;;;;;PL072;;;;PL072;;;;PL072;;;;PL072;;;;PL072;;;;PL072;;;;PL072;;;
;Number of months spent at full-time work as employee;PL073;;;;PL073;;;;PL073;;;;PL073;;;;PL073;;;;PL073;;;;PL073;;;;PL073;;;;PL073;;;;PL073;;;;PL073;;;;;;;;;;;;;;;;;;;;;;;
;Number of months spent at part-time work as employee;PL074;;;;PL074;;;;PL074;;;;PL074;;;;PL074;;;;PL074;;;;PL074;;;;PL074;;;;PL074;;;;PL074;;;;PL074;;;;;;;;;;;;;;;;;;;;;;;
;Number of months spent at full-time work as selfemployed (including family worker);PL075;;;;PL075;;;;PL075;;;;PL075;;;;PL075;;;;PL075;;;;PL075;;;;PL075;;;;PL075;;;;PL075;;;;PL075;;;;;;;;;;;;;;;;;;;;;;;
;Number of months spent at part-time work as selfemployed (including family worker);PL076;;;;PL076;;;;PL076;;;;PL076;;;;PL076;;;;PL076;;;;PL076;;;;PL076;;;;PL076;;;;PL076;;;;PL076;;;;;;;;;;;;;;;;;;;;;;;
;Number of months spent in unemployment;PL080;;;;PL080;;;;PL080;;;;PL080;;;;PL080;;;;PL080;;;;PL080;;;;PL080;;;;PL080;;;;PL080;;;;PL080;;;;PL080;;;;PL080;;;;PL080;;;;PL080;;;;PL080;;;
;Number of months spent in retirement;PL085;;;;PL085;;;;PL085;;;;PL085;;;;PL085;;;;PL085;;;;PL085;;;;PL085;;;;PL085;;;;PL085;;;;PL085;;;;PL085;;;;PL085;;;;PL085;;;;PL085;;;;PL085;;;
;Number of months spent as disabled or/and unfit to work;PL086;;;;PL086;;;;PL086;;;;PL086;;;;PL086;;;;PL086;;;;PL086;;;;PL086;;;;PL086;;;;PL086;;;;PL086;;;;;;;;;;;;;;;;;;;;;;;
;Number of months spent studying;PL087;;;;PL087;;;;PL087;;;;PL087;;;;PL087;;;;PL087;;;;PL087;;;;PL087;;;;PL087;;;;PL087;;;;PL087;;;;PL087;;;;PL087;;;;PL087;;;;PL087;;;;PL087;;;
;Number of months spent in compulsory military service;PL088;;;;PL088;;;;PL088;;;;PL088;;;;PL088;;;;PL088;;;;PL088;;;;PL088;;;;PL088;;;;PL088;;;;PL088;;;;;;;;;;;;;;;;;;;;;;;
;Number of months spent fulfilling domestic tasks and care responsibilities;PL089;;;;PL089;;;;PL089;;;;PL089;;;;PL089;;;;PL089;;;;PL089;;;;PL089;;;;PL089;;;;PL089;;;;PL089;;;;;;;;;;;;;;;;;;;;;;;
;Number of months spent inactively;PL090;;;;PL090;;;;PL090;;;;PL090;;;;PL090;;;;PL090;;;;PL090;;;;PL090;;;;PL090;;;;PL090;;;;PL090;;;;PL090;;;;PL090;;;;PL090;;;;PL090;;;;PL090;;;
2.3 Main activity per month;;;;;;;;;;;;;;;;;;;;;;;;;;;;;;;;;;;;;;;;;;;;;;;;;;;;;;;;;;;;;;;;;
;Main activity on January;;;;;;;;;;;;;;;;;;;;;;;;;;;;;;;;;;;;;PL210A;;;;PL210A;;;;PL210A;;;;PL210A;;;;PL210A;;;;PL210A;;;;PL210A;;;
;Main activity on February;;;;;;;;;;;;;;;;;;;;;;;;;;;;;;;;;;;;;PL210B;;;;PL210B;;;;PL210B;;;;PL210B;;;;PL210B;;;;PL210B;;;;PL210B;;;
;Main activity on March;;;;;;;;;;;;;;;;;;;;;;;;;;;;;;;;;;;;;PL210C;;;;PL210C;;;;PL210C;;;;PL210C;;;;PL210C;;;;PL210C;;;;PL210C;;;
;Main activity on April;;;;;;;;;;;;;;;;;;;;;;;;;;;;;;;;;;;;;PL210D;;;;PL210D;;;;PL210D;;;;PL210D;;;;PL210D;;;;PL210D;;;;PL210D;;;
;Main activity on May;;;;;;;;;;;;;;;;;;;;;;;;;;;;;;;;;;;;;PL210E;;;;PL210E;;;;PL210E;;;;PL210E;;;;PL210E;;;;PL210E;;;;PL210E;;;
;Main activity on June;;;;;;;;;;;;;;;;;;;;;;;;;;;;;;;;;;;;;;;;;;;;;;;;;;;;;;;;;;;;;;;;
;Main activity on July;;;;;;;;;;;;;;;;;;;;;;;;;;;;;;;;;;;;;PL210G;;;;PL210G;;;;PL210G;;;;PL210G;;;;PL210G;;;;PL210G;;;;PL210G;;;
;Main activity on August;;;;;;;;;;;;;;;;;;;;;;;;;;;;;;;;;;;;;PL210H;;;;PL210H;;;;PL210H;;;;PL210H;;;;PL210H;;;;PL210H;;;;PL210H;;;
;Main activity on September;;;;;;;;;;;;;;;;;;;;;;;;;;;;;;;;;;;;;;;;;;;;;;;;;;;;;;;;;;;;;;;;
;Main activity on October;;;;;;;;;;;;;;;;;;;;;;;;;;;;;;;;;;;;;PL210J;;;;PL210J;;;;PL210J;;;;PL210J;;;;PL210J;;;;PL210J;;;;PL210J;;;
;Main activity on November;;;;;;;;;;;;;;;;;;;;;;;;;;;;;;;;;;;;;PL210K;;;;PL210K;;;;PL210K;;;;PL210K;;;;PL210K;;;;PL210K;;;;PL210K;;;
;Main activity on December;;;;;;;;;;;;;;;;;;;;;;;;;;;;;;;;;;;;;PL210L;;;;PL210L;;;;PL210L;;;;PL210L;;;;PL210L;;;;PL210L;;;;PL210L;;;
;Main activity on January (new in 2009);PL211A;;;;PL211A;;;;PL211A;;;;PL211A;;;;PL211A;;;;PL211A;;;;PL211A;;;;PL211A;;;;PL211A;;;;PL211A;;;;PL211A;;;;;;;;;;;;;;;;;;;;;;;
;Main activity on February (new in 2009);PL211B;;;;PL211B;;;;PL211B;;;;PL211B;;;;PL211B;;;;PL211B;;;;PL211B;;;;PL211B;;;;PL211B;;;;PL211B;;;;PL211B;;;;;;;;;;;;;;;;;;;;;;;
;Main activity on March (new in 2009);PL211C;;;;PL211C;;;;PL211C;;;;PL211C;;;;PL211C;;;;PL211C;;;;PL211C;;;;PL211C;;;;PL211C;;;;PL211C;;;;PL211C;;;;;;;;;;;;;;;;;;;;;;;
;Main activity on April (new in 2009);PL211D;;;;PL211D;;;;PL211D;;;;PL211D;;;;PL211D;;;;PL211D;;;;PL211D;;;;PL211D;;;;PL211D;;;;PL211D;;;;PL211D;;;;;;;;;;;;;;;;;;;;;;;
;Main activity on May (new in 2009);PL211E;;;;PL211E;;;;PL211E;;;;PL211E;;;;PL211E;;;;PL211E;;;;PL211E;;;;PL211E;;;;PL211E;;;;PL211E;;;;PL211E;;;;;;;;;;;;;;;;;;;;;;;
;Main activity on June (new in 2009);PL211F;;;;;;;;;;;;;;;;;;;;;;;;;;;;;;;;;;;;;;;;;;;;;;;;;;;;;;;;;;;;;;;
;Main activity on July (new in 2009);PL211G;;;;PL211G;;;;PL211G;;;;PL211G;;;;PL211G;;;;PL211G;;;;PL211G;;;;PL211G;;;;PL211G;;;;PL211G;;;;PL211G;;;;;;;;;;;;;;;;;;;;;;;
;Main activity on August (new in 2009);PL211H;;;;PL211H;;;;PL211H;;;;PL211H;;;;PL211H;;;;PL211H;;;;PL211H;;;;PL211H;;;;PL211H;;;;PL211H;;;;PL211H;;;;;;;;;;;;;;;;;;;;;;;
;Main activity on September (new in 2009);PL211I;;;;;;;;;;;;;;;;;;;;;;;;;;;;;;;;;;;;;;;;;;;;;;;;;;;;;;;;;;;;;;;
;Main activity on October (new in 2009);PL211J;;;;PL211J;;;;PL211J;;;;PL211J;;;;PL211J;;;;PL211J;;;;PL211J;;;;PL211J;;;;PL211J;;;;PL211J;;;;PL211J;;;;;;;;;;;;;;;;;;;;;;;
;Main activity on November (new in 2009);PL211K;;;;PL211K;;;;PL211K;;;;PL211K;;;;PL211K;;;;PL211K;;;;PL211K;;;;PL211K;;;;PL211K;;;;PL211K;;;;PL211K;;;;;;;;;;;;;;;;;;;;;;;
;Main activity on December (new in 2009);PL211L;;;;PL211L;;;;PL211L;;;;PL211L;;;;PL211L;;;;PL211L;;;;PL211L;;;;PL211L;;;;PL211L;;;;PL211L;;;;PL211L;;;;;;;;;;;;;;;;;;;;;;;
2.4 Job characteristics;;;;;;;;;;;;;;;;;;;;;;;;;;;;;;;;;;;;;;;;;;;;;;;;;;;;;;;;;;;;;;;;;
;Status in employment;PL040;;;;PL040;;;;PL040;;;;PL040;;;;PL040;;;;PL040;;;;PL040;;;;PL040;;;;PL040;;;;PL040;;;;PL040;;;;PL040;;;;PL040;;;;PL040;;;;PL040;;;;PL040;;;
;Occupation (ISCO-88 (Com));;;;;;;;;;;;;;;;;;;;;;;;;;;;;;;;;PL050;;;;PL050;;;;PL050;;;;PL050;;;;PL050;;;;PL050;;;;PL050;;;;PL050;;;
;Occupation (ISCO-08 (Com));PL051;;;;PL051;;;;PL051;;;;PL051;;;;PL051;;;;PL051;;;;PL051;;;;PL051;;;;PL051;;;;PL051;;;;;;;;;;;;;;;;;;;;;;;;;;;
;Number of hours usually worked per week in main job;PL060;;;;PL060;;;;PL060;;;;PL060;;;;PL060;;;;PL060;;;;PL060;;;;PL060;;;;PL060;;;;PL060;;;;PL060;;;;PL060;;;;PL060;;;;PL060;;;;PL060;;;;PL060;;;
;Total number of hours usually worked in second, third...jobs;PL100;;;;PL100;;;;PL100;;;;PL100;;;;PL100;;;;PL100;;;;PL100;;;;PL100;;;;PL100;;;;PL100;;;;PL100;;;;PL100;;;;PL100;;;;PL100;;;;PL100;;;;PL100;;;
;NACE Rev 1.1;;;;;;;;;;;;;;;;;;;;;;;;;;;;;;;;;;;;;PL110;;;;PL110;;;;PL110;;;;PL110;;;;PL110;;;;PL110;;;;PL110;;;
;NACE Rev 1.1 (numeric);;;;;;;;;;;;;;;;;;;;;;;;;;;;;;;;;;;;;PL110_NUM;;;;PL110_NUM;;;;PL110_NUM;;;;PL110_NUM;;;;PL110_NUM;;;;PL110_NUM;;;;PL110_NUM;;;
;NACE Rev 2;PL111;;;;PL111;;;;PL111;;;;PL111;;;;PL111;;;;PL111;;;;PL111 PL111_NUM;;;;PL111;;;;PL111;;;;PL111;;;;PL111;;;;PL111;;;;;;;;;;;;;;;;;;;
;NACE Rev 2 (numeric);PL111_NUM;;;;PL111_NUM;;;;PL111_NUM;;;;PL111_NUM;;;;PL111_NUM;;;;PL111_NUM;;;;;;;;PL111_NUM;;;;PL111_NUM;;;;PL111_NUM;;;;PL111_NUM;;;;PL111_NUM;;;;;;;;;;;;;;;;;;;
;Reason for working less than 30 hours;PL120;;;;PL120;;;;PL120;;;;PL120;;;;PL120;;;;PL120;;;;PL120;;;;PL120;;;;PL120;;;;PL120;;;;PL120;;;;PL120;;;;PL120;;;;PL120;;;;PL120;;;;PL120;;;
;Number of persons working at the local unit;PL130;;;;PL130;;;;PL130;;;;PL130;;;;PL130;;;;PL130;;;;PL130;;;;PL130;;;;PL130;;;;PL130;;;;PL130;;;;PL130;;;;PL130;;;;PL130;;;;PL130;;;;PL130;;;
;Type of contract;PL140;;;;PL140;;;;PL140;;;;PL140;;;;PL140;;;;PL140;;;;PL140;;;;PL140;;;;PL140;;;;PL140;;;;PL140;;;;PL140;;;;PL140;;;;PL140;;;;PL140;;;;PL140;;;
;Managerial Position;PL150;;;;PL150;;;;PL150;;;;PL150;;;;PL150;;;;PL150;;;;PL150;;;;PL150;;;;PL150;;;;PL150;;;;PL150;;;;PL150;;;;PL150;;;;PL150;;;;PL150;;;;PL150;;;
3 Education;;;;;;;;;;;;;;;;;;;;;;;;;;;;;;;;;;;;;;;;;;;;;;;;;;;;;;;;;;;;;;;;;
3.1 Current education and ISCED level;;;;;;;;;;;;;;;;;;;;;;;;;;;;;;;;;;;;;;;;;;;;;;;;;;;;;;;;;;;;;;;;;
;Current education activity;PE010;;;;PE010;;;;PE010;;;;PE010;;;;PE010;;;;PE010;;;;PE010;;;;PE010;;;;PE010;;;;PE010;;;;PE010;;;;PE010;;;;PE010;;;;PE010;;;;PE010;;;;PE010;;;
;ISCED level currently attended;PE020;;;;PE020;;;;PE020;;;;PE020;;;;PE020;;;;PE020;;;;PE020;;;;PE020;;;;PE020;;;;PE020;;;;PE020;;;;PE020;;;;PE020;;;;PE020;;;;PE020;;;;PE020;;;
;Year when highest level of education was attained;PE030;;;;PE030;;;;PE030;;;;PE030;;;;PE030;;;;PE030;;;;PE030;;;;PE030;;;;PE030;;;;PE030;;;;PE030;;;;PE030;;;;PE030;;;;PE030;;;;PE030;;;;PE030;;;
;Highest ISCED level attained;PE040;;;;PE040;;;;PE040;;;;PE040;;;;PE040;;;;PE040;;;;PE040;;;;PE040;;;;PE040;;;;PE040;;;;PE040;;;;PE040;;;;PE040;;;;PE040;;;;PE040;;;;PE040;;;
3.2 Child Care;;;;;;;;;;;;;;;;;;;;;;;;;;;;;;;;;;;;;;;;;;;;;;;;;;;;;;;;;;;;;;;;;
;Education at pre-school: number of hours of education during an usual week;;RL010;;;;RL010;;;;RL010;;;;RL010;;;;RL010;;;;RL010;;;;RL010;;;;RL010;;;;RL010;;;;RL010;;;;RL010;;;;RL010;;;;RL010;;;;RL010;;;;RL010;;;;RL010;;
;Education at compulsory school: number of hours of education during an usual week;;RL020;;;;RL020;;;;RL020;;;;RL020;;;;RL020;;;;RL020;;;;RL020;;;;RL020;;;;RL020;;;;RL020;;;;RL020;;;;RL020;;;;RL020;;;;RL020;;;;RL020;;;;RL020;;
;Childcare at centre-based services: number of hours of child care during an usual week;;RL030;;;;RL030;;;;RL030;;;;RL030;;;;RL030;;;;RL030;;;;RL030;;;;RL030;;;;RL030;;;;RL030;;;;RL030;;;;RL030;;;;RL030;;;;RL030;;;;RL030;;;;RL030;;
;Childcare at day-care centre: number of hours of child care during an usual week;;RL040;;;;RL040;;;;RL040;;;;RL040;;;;RL040;;;;RL040;;;;RL040;;;;RL040;;;;RL040;;;;RL040;;;;RL040;;;;RL040;;;;RL040;;;;RL040;;;;RL040;;;;RL040;;
;Child care by a professional child-miner: number of hours of child care during an usual week;;RL050;;;;RL050;;;;RL050;;;;RL050;;;;RL050;;;;RL050;;;;RL050;;;;RL050;;;;RL050;;;;RL050;;;;RL050;;;;RL050;;;;RL050;;;;RL050;;;;RL050;;;;RL050;;
;"Child care by grand-parents; other household members; relatives etc.: number of hours during an usual week";;RL060;;;;RL060;;;;RL060;;;;RL060;;;;RL060;;;;RL060;;;;RL060;;;;RL060;;;;RL060;;;;RL060;;;;RL060;;;;RL060;;;;RL060;;;;RL060;;;;RL060;;;;RL060;;
4 Health;;;;;;;;;;;;;;;;;;;;;;;;;;;;;;;;;;;;;;;;;;;;;;;;;;;;;;;;;;;;;;;;;
;General health;PH010;;;;PH010;;;;PH010;;;;PH010;;;;PH010;;;;PH010;;;;PH010;;;;PH010;;;;PH010;;;;PH010;;;;PH010;;;;PH010;;;;PH010;;;;PH010;;;;PH010;;;;PH010;;;
;Suffer from a chronic (long-standing) illness or condition;PH020;;;;PH020;;;;PH020;;;;PH020;;;;PH020;;;;PH020;;;;PH020;;;;PH020;;;;PH020;;;;PH020;;;;PH020;;;;PH020;;;;PH020;;;;PH020;;;;PH020;;;;PH020;;;
;Limitation in activities because of health problems;PH030;;;;PH030;;;;PH030;;;;PH030;;;;PH030;;;;PH030;;;;PH030;;;;PH030;;;;PH030;;;;PH030;;;;PH030;;;;PH030;;;;PH030;;;;PH030;;;;PH030;;;;PH030;;;
;Unmet need for medical examination or treatment;PH040;;;;PH040;;;;PH040;;;;PH040;;;;PH040;;;;PH040;;;;PH040;;;;PH040;;;;PH040;;;;PH040;;;;PH040;;;;PH040;;;;PH040;;;;PH040;;;;PH040;;;;PH040;;;
;Main reason for unmet need for medical examination or treatment;PH050;;;;PH050;;;;PH050;;;;PH050;;;;PH050;;;;PH050;;;;PH050;;;;PH050;;;;PH050;;;;PH050;;;;PH050;;;;PH050;;;;PH050;;;;PH050;;;;PH050;;;;PH050;;;
;Unmet need for dental examination or treatment;PH060;;;;PH060;;;;PH060;;;;PH060;;;;PH060;;;;PH060;;;;PH060;;;;PH060;;;;PH060;;;;PH060;;;;PH060;;;;PH060;;;;PH060;;;;PH060;;;;PH060;;;;PH060;;;
;Main reason for unmet need for dental examination or treatment;PH070;;;;PH070;;;;PH070;;;;PH070;;;;PH070;;;;PH070;;;;PH070;;;;PH070;;;;PH070;;;;PH070;;;;PH070;;;;PH070;;;;PH070;;;;PH070;;;;PH070;;;;PH070;;;
;Housing;;;;;;;;;;;;;;;;;;;;;;;;;;;;;;;;;;;;;;;;;;;;;;;;;;;;;;;;;;;;;;;;
6 Income;;;;;;;;;;;;;;;;;;;;;;;;;;;;;;;;;;;;;;;;;;;;;;;;;;;;;;;;;;;;;;;;;
6.1 Household level;;;;;;;;;;;;;;;;;;;;;;;;;;;;;;;;;;;;;;;;;;;;;;;;;;;;;;;;;;;;;;;;;
6.1.1 Total household income;;;;;;;;;;;;;;;;;;;;;;;;;;;;;;;;;;;;;;;;;;;;;;;;;;;;;;;;;;;;;;;;;
;Total Household Gross Income;;;HY010;;;;HY010;;;;HY010;;;;;HY010;;;HY010;;;;HY010;;;;HY010;;;;HY010;;;;HY010;;;;HY010;;;;HY010;;;;HY010;;;;HY010;;;;HY010;;;;HY010;;;;HY010;
;Total disposable household income;;;HY020;;;;HY020;;;;HY020;;;;;HY020;;;HY020;;;;HY020;;;;HY020;;;;HY020;;;;HY020;;;;HY020;;;;HY020;;;;HY020;;;;HY020;;;;HY020;;;;HY020;;;;HY020;
;Total Disposable Household Income before social transfers other than old-age and survivors benefits;;;HY022;;;;HY022;;;;HY022;;;;;HY022;;;HY022;;;;HY022;;;;HY022;;;;HY022;;;;HY022;;;;HY022;;;;HY022;;;;HY022;;;;HY022;;;;HY022;;;;HY022;;;;HY022;
;Total disposable Household income before social transfers incl old-age and survivors benefits;;;HY023;;;;HY023;;;;HY023;;;;;HY023;;;HY023;;;;HY023;;;;HY023;;;;HY023;;;;HY023;;;;HY023;;;;HY023;;;;HY023;;;;HY023;;;;HY023;;;;HY023;;;;HY023;
;Within Household non-response inflation factor;;;;;;;;;;;;;;;;;;;;;;;;;;;;;;;HY025;;;;HY025;;;;HY025;;;;HY025;;;;HY025;;;;HY025;;;;HY025;;;;HY025;;;;HY025;
;At risk of poverty or social exclusion;;RX070;;;;RX070;;;;RX070;;;;RX070;;;;RX070;;;;RX070;;;;RX070;;;;RX070;;;;RX070;;;;RX070;;;;RX070;;;;RX070;;;;;;;;;;;;;;;;;;
;Poverty indicator;;;HX080;;;;HX080;;;;HX080;;;;;HX080;;;HX080;;;;HX080;;;;HX080;;;;HX080;;;;HX080;;;;HX080;;;;HX080;;;;HX080;;;;HX080;;;;HX080;;;;HX080;;;;HX080;
;Equivalised disposable income;;;HX090;;;;HX090;;;;HX090;;;;;HX090;;;HX090;;;;HX090;;;;HX090;;;;HX090;;;;HX090;;;;HX090;;;;HX090;;;;HX090;;;;HX090;;;;HX090;;;;HX090;;;;HX090;
;Equivalised disposable income quintiles;;;;;;;;;;;;;;;;;;;;;;;;;;;;;;;;;;;;;;;;;;;;;;;;;;;;;;;;;;;;;;;;
;Severely materially deprived household;;RX060;;;;RX060;;;;RX060;;;;RX060;;;;RX060;;;;RX060;;;;RX060;;;;RX060;;;;RX060;;;;RX060;;;;RX060;;;;RX060;;;;;;;;;;;;;;;;;;
6.1.2 Allowances;;;;;;;;;;;;;;;;;;;;;;;;;;;;;;;;;;;;;;;;;;;;;;;;;;;;;;;;;;;;;;;;;
;Family/Children related allowances (net);;;HY050N;;;;HY050N;;;;HY050N;;;;;HY050N;;;HY050N;;;;HY050N;;;;HY050N;;;;HY050N;;;;HY050N;;;;HY050N;;;;HY050N;;;;HY050N;;;;HY050N;;;;HY050N;;;;HY050N;;;;HY050N;
;Family/Children related allowances (gross);;;HY050G;;;;HY050G;;;;HY050G;;;;;HY050G;;;HY050G;;;;HY050G;;;;HY050G;;;;HY050G;;;;HY050G;;;;HY050G;;;;HY050G;;;;HY050G;;;;HY050G;;;;HY050G;;;;HY050G;;;;HY050G;
;Family/Children related allowances (contributory and means-tested);;;;;;;;;;;;;;;;;;;;;;;HY051G;;;;;;;;;;;;;;;;;;;;;;;;;;;;;;;;;;;;;;;;;
;Family/Children related allowances (contributory and non means-tested);;;;;;;;;;;;;;;;;;;;;;;HY052G;;;;;;;;;;;;;;;;;;;;;;;;;;;;;;;;;;;;;;;;;
;Family/Children related allowances (non-contributory and means-tested);;;;;;;;;;;;;;;;;;;;;;;HY053G;;;;;;;;;;;;;;;;;;;;;;;;;;;;;;;;;;;;;;;;;
;Family/Children related allowances (non-contributory and non means-tested);;;;;;;;;;;;;;;;;;;;;;;HY054G;;;;;;;;;;;;;;;;;;;;;;;;;;;;;;;;;;;;;;;;;
;Social Exclusion not elsewhere classified (net);;;HY060N;;;;HY060N;;;;HY060N;;;;;HY060N;;;HY060N;;;;HY060N;;;;HY060N;;;;HY060N;;;;HY060N;;;;HY060N;;;;HY060N;;;;HY060N;;;;HY060N;;;;HY060N;;;;HY060N;;;;HY060N;
;Social Exclusion not elsewhere classified (gross);;;HY060G;;;;HY060G;;;;HY060G;;;;;HY060G;;;HY060G;;;;HY060G;;;;HY060G;;;;HY060G;;;;HY060G;;;;HY060G;;;;HY060G;;;;HY060G;;;;HY060G;;;;HY060G;;;;HY060G;;;;HY060G;
;Social Exclusion not elsewhere classified (contributory and means-tested);;;HY061G;;;;HY061G;;;;HY061G;;;;;HY061G;;;HY061G;;;;HY061G;;;;;;;;;;;;;;;;;;;;;;;;;;;;;;;;;;;;;;;;;
;Social Exclusion not elsewhere classified (contributory and non means-tested);;;;;;;;;;;;;;;;;;;;;;;HY062G;;;;;;;;;;;;;;;;;;;;;;;;;;;;;;;;;;;;;;;;;
;Social Exclusion not elsewhere classified (non-contributory and means-tested);;;;;;;;;;;;;;;;;;;;;;;HY063G;;;;;;;;;;;;;;;;;;;;;;;;;;;;;;;;;;;;;;;;;
;Social Exclusion not elsewhere classified (non-contributory and non means-tested);;;;;;;;;;;;;;;;;;;;;;;HY064G;;;;;;;;;;;;;;;;;;;;;;;;;;;;;;;;;;;;;;;;;
;Housing Allowances (net);;;HY070N;;;;HY070N;;;;HY070N;;;;;HY070N;;;HY070N;;;;HY070N;;;;HY070N;;;;HY070N;;;;HY070N;;;;HY070N;;;;HY070N;;;;HY070N;;;;HY070N;;;;HY070N;;;;HY070N;;;;HY070N;
;Housing allowances (gross);;;HY070G;;;;HY070G;;;;HY070G;;;;;HY070G;;;HY070G;;;;HY070G;;;;HY070G;;;;HY070G;;;;HY070G;;;;HY070G;;;;HY070G;;;;HY070G;;;;HY070G;;;;HY070G;;;;HY070G;;;;HY070G;
;Housing allowances (contributory and means-tested);;;;;;;;;;;;;;;;;;;;;;;HY071G;;;;;;;;;;;;;;;;;;;;;;;;;;;;;;;;;;;;;;;;;
;Housing allowances (contributory and non means-tested);;;;;;;;;;;;;;;;;;;;;;;HY072G;;;;;;;;;;;;;;;;;;;;;;;;;;;;;;;;;;;;;;;;;
;Housing allowances (non-contributory and means-tested);;;;;;;;;;;;;;;;;;;;;;;HY073G;;;;;;;;;;;;;;;;;;;;;;;;;;;;;;;;;;;;;;;;;
;Housing allowances (non-contributory and non means-tested);;;;;;;;;;;;;;;;;;;;;;;HY074G;;;;;;;;;;;;;;;;;;;;;;;;;;;;;;;;;;;;;;;;;
6.1.3 Other income components;;;;;;;;;;;;;;;;;;;;;;;;;;;;;;;;;;;;;;;;;;;;;;;;;;;;;;;;;;;;;;;;;
;Income from rental of a property or land (net);;;HY040N;;;;HY040N;;;;HY040N;;;;;HY040N;;;HY040N;;;;HY040N;;;;HY040N;;;;HY040N;;;;HY040N;;;;HY040N;;;;HY040N;;;;HY040N;;;;HY040N;;;;HY040N;;;;HY040N;;;;HY040N;
;Income from rental of a property or land (gross);;;HY040G;;;;HY040G;;;;HY040G;;;;;HY040G;;;HY040G;;;;HY040G;;;;HY040G;;;;HY040G;;;;HY040G;;;;HY040G;;;;HY040G;;;;HY040G;;;;HY040G;;;;HY040G;;;;HY040G;;;;HY040G;
;Regular inter-household cash transfer received (net);;;HY080N;;;;HY080N;;;;HY080N;;;;;HY080N;;;HY080N;;;;HY080N;;;;HY080N;;;;HY080N;;;;HY080N;;;;HY080N;;;;HY080N;;;;HY080N;;;;HY080N;;;;HY080N;;;;HY080N;;;;HY080N;
;Regular Interhousehold cash transfer received (gross);;;HY080G;;;;HY080G;;;;HY080G;;;;;HY080G;;;HY080G;;;;HY080G;;;;HY080G;;;;HY080G;;;;HY080G;;;;HY080G;;;;HY080G;;;;HY080G;;;;HY080G;;;;HY080G;;;;HY080G;;;;HY080G;
;Alimonies received (net);;;HY081N;;;;HY081N;;;;HY081N;;;;;HY081N;;;HY081N;;;;HY081N;;;;HY081N;;;;HY081N;;;;HY081N;;;;HY081N;;;;HY081N;;;;HY081N;;;;HY081N;;;;;;;;;;;;;
;Alimonies received (gross);;;HY081G;;;;HY081G;;;;HY081G;;;;;HY081G;;;HY081G;;;;HY081G;;;;HY081G;;;;HY081G;;;;HY081G;;;;HY081G;;;;HY081G;;;;HY081G;;;;HY081G;;;;;;;;;;;;;
;Interests, dividends, profit from capital investment in uncorporated business (net);;;HY090N;;;;HY090N;;;;HY090N;;;;;HY090N;;;HY090N;;;;HY090N;;;;HY090N;;;;HY090N;;;;HY090N;;;;HY090N;;;;HY090N;;;;HY090N;;;;HY090N;;;;HY090N;;;;HY090N;;;;HY090N;
;Interests, dividends, profit from capital investment in uncorporated business (gross);;;HY090G;;;;HY090G;;;;HY090G;;;;;HY090G;;;HY090G;;;;HY090G;;;;HY090G;;;;HY090G;;;;HY090G;;;;HY090G;;;;HY090G;;;;HY090G;;;;HY090G;;;;HY090G;;;;HY090G;;;;HY090G;
;Income received by people aged under 16 (net);;;HY110N;;;;HY110N;;;;HY110N;;;;;HY110N;;;HY110N;;;;HY110N;;;;HY110N;;;;HY110N;;;;HY110N;;;;HY110N;;;;HY110N;;;;HY110N;;;;HY110N;;;;HY110N;;;;HY110N;;;;HY110N;
;Income received by people aged under 16 (gross);;;HY110G;;;;HY110G;;;;HY110G;;;;;HY110G;;;HY110G;;;;HY110G;;;;HY110G;;;;HY110G;;;;HY110G;;;;HY110G;;;;HY110G;;;;HY110G;;;;HY110G;;;;HY110G;;;;HY110G;;;;HY110G;
6.1.4 Taxes;;;;;;;;;;;;;;;;;;;;;;;;;;;;;;;;;;;;;;;;;;;;;;;;;;;;;;;;;;;;;;;;;
;Regular taxes on wealth (net);;;HY120N;;;;HY120N;;;;HY120N;;;;;HY120N;;;HY120N;;;;HY120N;;;;HY120N;;;;HY120N;;;;HY120N;;;;HY120N;;;;HY120N;;;;HY120N;;;;HY120N;;;;HY120N;;;;HY120N;;;;HY120N;
;Regular taxes on wealth (gross);;;HY120G;;;;HY120G;;;;HY120G;;;;;HY120G;;;HY120G;;;;HY120G;;;;HY120G;;;;HY120G;;;;HY120G;;;;HY120G;;;;HY120G;;;;HY120G;;;;HY120G;;;;HY120G;;;;HY120G;;;;HY120G;
;Tax on income and social contribution;;;HY140N;;;;HY140N;;;;HY140N;;;;;HY140N;;;HY140N;;;;HY140N;;;;HY140N;;;;HY140N;;;;HY140N;;;;HY140N;;;;HY140N;;;;HY140N;;;;HY140N;;;;HY140N;;;;HY140N;;;;HY140N;
;Tax on income and social contributions (gross);;;HY140G;;;;HY140G;;;;HY140G;;;;;HY140G;;;HY140G;;;;HY140G;;;;HY140G;;;;HY140G;;;;HY140G;;;;HY140G;;;;HY140G;;;;HY140G;;;;HY140G;;;;HY140G;;;;HY140G;;;;HY140G;
;Repayments/receipts for tax adjustment (net);;;HY145N;;;;HY145N;;;;HY145N;;;;;HY145N;;;HY145N;;;;HY145N;;;;HY145N;;;;HY145N;;;;HY145N;;;;HY145N;;;;HY145N;;;;HY145N;;;;HY145N;;;;HY145N;;;;HY145N;;;;HY145N;
6.1.5 Contributions and payments;;;;;;;;;;;;;;;;;;;;;;;;;;;;;;;;;;;;;;;;;;;;;;;;;;;;;;;;;;;;;;;;;
;Imputed rent (net);;;HY030N;;;;HY030N;;;;HY030N;;;;;HY030N;;;HY030N;;;;HY030N;;;;HY030N;;;;HY030N;;;;HY030N;;;;HY030N;;;;HY030N;;;;HY030N;;;;HY030N;;;;HY030N;;;;HY030N;;;;HY030N;
;Imputed rent (gross);;;HY030G;;;;HY030G;;;;HY030G;;;;;HY030G;;;HY030G;;;;HY030G;;;;HY030G;;;;HY030G;;;;HY030G;;;;HY030G;;;;HY030G;;;;HY030G;;;;HY030G;;;;HY030G;;;;HY030G;;;;HY030G;
;Interest Repayment on mortgage (net);;;HY100N;;;;HY100N;;;;HY100N;;;;;HY100N;;;HY100N;;;;HY100N;;;;HY100N;;;;HY100N;;;;HY100N;;;;HY100N;;;;HY100N;;;;HY100N;;;;HY100N;;;;HY100N;;;;HY100N;;;;HY100N;
;Interest Repayments on Mortgage (gross);;;HY100G;;;;HY100G;;;;HY100G;;;;;HY100G;;;HY100G;;;;HY100G;;;;HY100G;;;;HY100G;;;;HY100G;;;;HY100G;;;;HY100G;;;;HY100G;;;;HY100G;;;;HY100G;;;;HY100G;;;;HY100G;
;Regular interhousehold cash transfer paid (net);;;HY130N;;;;HY130N;;;;HY130N;;;;;HY130N;;;HY130N;;;;HY130N;;;;HY130N;;;;HY130N;;;;HY130N;;;;HY130N;;;;HY130N;;;;HY130N;;;;HY130N;;;;HY130N;;;;HY130N;;;;HY130N;
;Regular interhousehold cash transfer paid (gross);;;HY130G;;;;HY130G;;;;HY130G;;;;;HY130G;;;HY130G;;;;HY130G;;;;HY130G;;;;HY130G;;;;HY130G;;;;HY130G;;;;HY130G;;;;HY130G;;;;HY130G;;;;HY130G;;;;HY130G;;;;HY130G;
;Alimonies paid (net);;;HY131N;;;;HY131N;;;;HY131N;;;;;HY131N;;;HY131N;;;;HY131N;;;;HY131N;;;;HY131N;;;;HY131N;;;;HY131N;;;;HY131N;;;;HY131N;;;;HY131N;;;;;;;;;;;;;
;Alimonies paid (gross);;;HY131G;;;;HY131G;;;;HY131G;;;;;HY131G;;;HY131G;;;;HY131G;;;;HY131G;;;;HY131G;;;;HY131G;;;;HY131G;;;;HY131G;;;;HY131G;;;;HY131G;;;;;;;;;;;;;
;Employers social insurance contribution (in euros);PY030G;;;;PY030G;;;;PY030G;;;;PY030G;;;;PY030G;;;;PY030G;;;;PY030G;;;;PY030G;;;;PY030G;;;;PY030G;;;;PY030G;;;;PY030G;;;;PY030G;;;;;;;;;;;;;;;
;Optional employer social insurance contributions (in euros);PY031G;;;;PY031G;;;;PY031G;;;;PY031G;;;;PY031G;;;;PY031G;;;;PY031G;;;;PY031G;;;;PY031G;;;;PY031G;;;;PY031G;;;;PY031G;;;;PY031G;;;;;;;;;;;;;;;
;Contributions to individual private pension plans (net);PY035N;;;;PY035N;;;;PY035N;;;;PY035N;;;;PY035N;;;;PY035N;;;;PY035N;;;;PY035N;;;;PY035N;;;;PY035N;;;;PY035N;;;;PY035N;;;;PY035N;;;;PY035N;;;;PY035N;;;;PY035N;;;
;Contributions to individual private pension plans (gross);PY035G;;;;PY035G;;;;PY035G;;;;PY035G;;;;PY035G;;;;PY035G;;;;PY035G;;;;PY035G;;;;PY035G;;;;PY035G;;;;PY035G;;;;PY035G;;;;PY035G;;;;PY035G;;;;PY035G;;;;PY035G;;;
6.2 Personal Level;;;;;;;;;;;;;;;;;;;;;;;;;;;;;;;;;;;;;;;;;;;;;;;;;;;;;;;;;;;;;;;;;
6.2.1 Monetary income components;;;;;;;;;;;;;;;;;;;;;;;;;;;;;;;;;;;;;;;;;;;;;;;;;;;;;;;;;;;;;;;;;
;Employee cash or near cash income (net);PY010N;;;;PY010N;;;;PY010N;;;;PY010N;;;;PY010N;;;;PY010N PY010G;;;;PY010N;;;;PY010N;;;;PY010N;;;;PY010N;;;;PY010N;;;;PY010N;;;;PY010N;;;;PY010N;;;;PY010N;;;;PY010N;;;
;Employee Cash or near cash income (gross);PY010G;;;;PY010G;;;;PY010G;;;;PY010G;;;;PY010G;;;;;;;;PY010G;;;;PY010G;;;;PY010G;;;;PY010G;;;;PY010G;;;;PY010G;;;;PY010G;;;;PY010G;;;;PY010G;;;;PY010G;;;
;Cash benefits or losses from self-employment (net);PY050N;;;;PY050N;;;;PY050N;;;;PY050N;;;;PY050N;;;;PY050N;;;;PY050N;;;;PY050N;;;;PY050N;;;;PY050N;;;;PY050N;;;;PY050N;;;;PY050N;;;;PY050N;;;;PY050N;;;;PY050N;;;
;Cash benefits or losses from self-employment (gross);PY050G;;;;PY050G;;;;PY050G;;;;PY050G;;;;PY050G;;;;PY050G;;;;PY050G;;;;PY050G;;;;PY050G;;;;PY050G;;;;PY050G;;;;PY050G;;;;PY050G;;;;PY050G;;;;PY050G;;;;PY050G;;;
;Gross monthly earnings for employees (gross);PY200G;;;;PY200G;;;;PY200G;;;;PY200G;;;;PY200G;;;;PY200G;;;;PY200G;;;;PY200G;;;;PY200G;;;;PY200G;;;;PY200G;;;;PY200G;;;;PY200G;;;;PY200G;;;;PY200G;;;;PY200G;;;
6.2.2 Non-cash benefits;;;;;;;;;;;;;;;;;;;;;;;;;;;;;;;;;;;;;;;;;;;;;;;;;;;;;;;;;;;;;;;;;
;Non-Cash employee income (net);PY020N;;;;PY020N;;;;PY020N;;;;PY020N;;;;PY020N;;;;PY020N;;;;PY020N;;;;PY020N;;;;PY020N;;;;PY020N;;;;PY020N;;;;PY020N;;;;PY020N;;;;PY020N;;;;PY020N;;;;PY020N;;;
;Non-Cash employee income (gross);PY020G;;;;PY020G;;;;PY020G;;;;PY020G;;;;PY020G;;;;PY020G;;;;PY020G;;;;PY020G;;;;PY020G;;;;PY020G;;;;PY020G;;;;PY020G;;;;PY020G;;;;PY020G;;;;PY020G;;;;PY020G;;;
;Company car (in euros) (net);PY021N;;;;PY021N;;;;PY021N;;;;PY021N;;;;PY021N;;;;PY021N;;;;PY021N;;;;PY021N;;;;PY021N;;;;PY021N;;;;PY021N;;;;PY021N;;;;PY021N;;;;;;;;;;;;;;;
;Company car (in euros) (gross);PY021G;;;;PY021G;;;;PY021G;;;;PY021G;;;;PY021G;;;;PY021G;;;;PY021G;;;;PY021G;;;;PY021G;;;;PY021G;;;;PY021G;;;;PY021G;;;;PY021G;;;;;;;;;;;;;;;
;Value of goods produced for own-consumption (net);;;HY170N;;;;HY170N;;;;HY170N;;;;;HY170N;;;HY170N;;;;HY170N;;;;HY170N;;;;HY170N;;;;HY170N;;PY070N;;HY170N;;PY070N;;;;PY070N;;;;PY070N;;;;PY070N;;;;PY070N;;;;PY070N;;;
;Value of goods produced for own-consumption (gross);;;HY170G;;;;HY170G;;;;HY170G;;;;;HY170G;;;HY170G;;;;HY170G;;;;HY170G;;;;HY170G;;;;HY170G;;PY070G;;HY170G;;PY070G;;;;PY070G;;;;PY070G;;;;PY070G;;;;PY070G;;;;PY070G;;;
6.2.3 Pension and other benefits;;;;;;;;;;;;;;;;;;;;;;;;;;;;;;;;;;;;;;;;;;;;;;;;;;;;;;;;;;;;;;;;;
;Pension from individual private plans (net);PY080N;;;;PY080N;;;;PY080N;;;;PY080N;;;;PY080N;;;;PY080N;;;;PY080N;;;;PY080N;;;;PY080N;;;;PY080N;;;;PY080N;;;;PY080N;;;;PY080N;;;;PY080N;;;;PY080N;;;;PY080N;;;
;Pension from individual private plans (gross);PY080G;;;;PY080G;;;;PY080G;;;;PY080G;;;;PY080G;;;;PY080G;;;;PY080G;;;;PY080G;;;;PY080G;;;;PY080G;;;;PY080G;;;;PY080G;;;;PY080G;;;;PY080G;;;;PY080G;;;;PY080G;;;
;Unemployment benefits (net);PY090N;;;;PY090N;;;;PY090N;;;;PY090N;;;;PY090N;;;;PY090N;;;;PY090N;;;;PY090N;;;;PY090N;;;;PY090N;;;;PY090N;;;;PY090N;;;;PY090N;;;;PY090N;;;;PY090N;;;;PY090N;;;
;Unemployment benefits (gross);PY090G;;;;PY090G;;;;PY090G;;;;PY090G;;;;PY090G;;;;PY090G;;;;PY090G;;;;PY090G;;;;PY090G;;;;PY090G;;;;PY090G;;;;PY090G;;;;PY090G;;;;PY090G;;;;PY090G;;;;PY090G;;;
;Unemployment benefits (contributory and means-tested);PY091G;;;;PY091G;;;;PY091G;;;;PY091G;;;;PY091G;;;;PY091G;;;;;;;;;;;;;;;;;;;;;;;;;;;;;;;;;;;;;;;;;;;
;Unemployment benefits (contributory and non means-tested);;;;;;;;;;;;;;;;;;;;;PY092G;;;;;;;;;;;;;;;;;;;;;;;;;;;;;;;;;;;;;;;;;;;
;Unemployment benefits (non-contributory and means-tested);;;;;;;;;;;;;;;;;;;;;PY093G;;;;;;;;;;;;;;;;;;;;;;;;;;;;;;;;;;;;;;;;;;;
;Unemployment benefits (non-contributory and non means-tested);;;;;;;;;;;;;;;;;;;;;PY094G;;;;;;;;;;;;;;;;;;;;;;;;;;;;;;;;;;;;;;;;;;;
;Old-age benefits (net);PY100N;;;;PY100N;;;;PY100N;;;;PY100N;;;;PY100N;;;;PY100N;;;;PY100N;;;;PY100N;;;;PY100N;;;;PY100N;;;;PY100N;;;;PY100N;;;;PY100N;;;;PY100N;;;;PY100N;;;;PY100N;;;
;Old-age benefits (gross);PY100G;;;;PY100G;;;;PY100G;;;;PY100G;;;;PY100G;;;;PY100G;;;;PY100G;;;;PY100G;;;;PY100G;;;;PY100G;;;;PY100G;;;;PY100G;;;;PY100G;;;;PY100G;;;;PY100G;;;;PY100G;;;
;Old-age benefits (contributory and means-tested);;;;;;;;;;;;;;;;;;;;;PY101G;;;;;;;;;;;;;;;;;;;;;;;;;;;;;;;;;;;;;;;;;;;
;Old-age benefits (contributory and non means-tested);PY102G;;;;PY102G;;;;PY102G;;;;PY102G;;;;PY102G;;;;PY102G;;;;;;;;;;;;;;;;;;;;;;;;;;;;;;;;;;;;;;;;;;;
;Old-age benefits (non-contributory and means-tested);PY103G;;;;PY103G;;;;PY103G;;;;PY103G;;;;PY103G;;;;PY103G;;;;;;;;;;;;;;;;;;;;;;;;;;;;;;;;;;;;;;;;;;;
;Old-age benefits (non-contributory and non means-tested);;;;;;;;;;;;;;;;;;;;;PY104G;;;;;;;;;;;;;;;;;;;;;;;;;;;;;;;;;;;;;;;;;;;
;Survivors Benefits (net);PY110N;;;;PY110N;;;;PY110N;;;;PY110N;;;;PY110N;;;;PY110N;;;;PY110N;;;;PY110N;;;;PY110N;;;;PY110N;;;;PY110N;;;;PY110N;;;;PY110N;;;;PY110N;;;;PY110N;;;;PY110N;;;
;Survivor benefit (gross);PY110G;;;;PY110G;;;;PY110G;;;;PY110G;;;;PY110G;;;;PY110G;;;;PY110G;;;;PY110G;;;;PY110G;;;;PY110G;;;;PY110G;;;;PY110G;;;;PY110G;;;;PY110G;;;;PY110G;;;;PY110G;;;
;Survivor benefit (contributory and means-tested);;;;;;;;;;;;;;;;;;;;;PY111G;;;;;;;;;;;;;;;;;;;;;;;;;;;;;;;;;;;;;;;;;;;
;Survivor benefit (contributory and non means-tested);;;;;;;;;;;;;;;;;;;;;PY112G;;;;;;;;;;;;;;;;;;;;;;;;;;;;;;;;;;;;;;;;;;;
;Survivor benefit (non-contributory and means-tested);;;;;;;;;;;;;;;;;;;;;PY113G;;;;;;;;;;;;;;;;;;;;;;;;;;;;;;;;;;;;;;;;;;;
;Survivor benefit (non-contributory and non means-tested);;;;;;;;;;;;;;;;;;;;;PY114G;;;;;;;;;;;;;;;;;;;;;;;;;;;;;;;;;;;;;;;;;;;
;Sickness Benefits (net);PY120N;;;;PY120N;;;;PY120N;;;;PY120N;;;;PY120N;;;;PY120N;;;;PY120N;;;;PY120N;;;;PY120N;;;;PY120N;;;;PY120N;;;;PY120N;;;;PY120N;;;;PY120N;;;;PY120N;;;;PY120N;;;
;Sickness Benefits (gross);PY120G;;;;PY120G;;;;PY120G;;;;PY120G;;;;PY120G;;;;PY120G;;;;PY120G;;;;PY120G;;;;PY120G;;;;PY120G;;;;PY120G;;;;PY120G;;;;PY120G;;;;PY120G;;;;PY120G;;;;PY120G;;;
;Sickness benefits (contributory and means-tested);;;;;;;;;;;;;;;;;;;;;PY121G;;;;;;;;;;;;;;;;;;;;;;;;;;;;;;;;;;;;;;;;;;;
;Sickness benefits (contributory and non means-tested);;;;;;;;;;;;;;;;;;;;;PY122G;;;;;;;;;;;;;;;;;;;;;;;;;;;;;;;;;;;;;;;;;;;
;Sickness benefits (non-contributory and means-tested);;;;;;;;;;;;;;;;;;;;;;;;;;;;;;;;;;;;;;;;;;;;;;;;;;;;;;;;;;;;;;;;
;Sickness benefits (non-contributory and non means-tested);;;;;;;;;;;;;;;;;;;;;PY124G;;;;;;;;;;;;;;;;;;;;;;;;;;;;;;;;;;;;;;;;;;;
;Disability Benefits (net);PY130N;;;;PY130N;;;;PY130N;;;;PY130N;;;;PY130N;;;;PY130N;;;;PY130N;;;;PY130N;;;;PY130N;;;;PY130N;;;;PY130N;;;;PY130N;;;;PY130N;;;;PY130N;;;;PY130N;;;;PY130N;;;
;Disability benefits (gross);PY130G;;;;PY130G;;;;PY130G;;;;PY130G;;;;PY130G;;;;PY130G;;;;PY130G;;;;PY130G;;;;PY130G;;;;PY130G;;;;PY130G;;;;PY130G;;;;PY130G;;;;PY130G;;;;PY130G;;;;PY130G;;;
;Disability benefits (contributory and means-tested);;;;;;;;;;;;;;;;;;;;;PY131G;;;;;;;;;;;;;;;;;;;;;;;;;;;;;;;;;;;;;;;;;;;
;Disability benefits (contributory and non means-tested);;;;;;;;;;;;;;;;;;;;;PY132G;;;;;;;;;;;;;;;;;;;;;;;;;;;;;;;;;;;;;;;;;;;
;Disability benefits (non-contributory and means-tested);PY133G;;;;PY133G;;;;PY133G;;;;PY133G;;;;PY133G;;;;PY123G PY133G;;;;;;;;;;;;;;;;;;;;;;;;;;;;;;;;;;;;;;;;;;;
;Disability benefits (non-contributory and non means-tested);;;;;;;;;;;;;;;;;;;;;PY134G;;;;;;;;;;;;;;;;;;;;;;;;;;;;;;;;;;;;;;;;;;;
;Education-related allowances (net);PY140N;;;;PY140N;;;;PY140N;;;;PY140N;;;;PY140N;;;;PY140N;;;;PY140N;;;;PY140N;;;;PY140N;;;;PY140N;;;;PY140N;;;;PY140N;;;;PY140N;;;;PY140N;;;;PY140N;;;;PY140N;;;
;Education-related allowances (gross);PY140G;;;;PY140G;;;;PY140G;;;;PY140G;;;;PY140G;;;;PY140G;;;;PY140G;;;;PY140G;;;;PY140G;;;;PY140G;;;;PY140G;;;;PY140G;;;;PY140G;;;;PY140G;;;;PY140G;;;;PY140G;;;
;Education-related allowances (contributory and means-tested);;;;;;;;;;;;;;;;;;;;;PY141G;;;;;;;;;;;;;;;;;;;;;;;;;;;;;;;;;;;;;;;;;;;
;Education-related allowances (contributory and non means-tested);;;;;;;;;;;;;;;;;;;;;PY142G;;;;;;;;;;;;;;;;;;;;;;;;;;;;;;;;;;;;;;;;;;;
;Education-related allowances (non-contributory and means-tested);;;;;;;;;;;;;;;;;;;;;PY143G;;;;;;;;;;;;;;;;;;;;;;;;;;;;;;;;;;;;;;;;;;;
;Education-related allowances (non-contributory and non means-tested);;;;;;;;;;;;;;;;;;;;;PY144G;;;;;;;;;;;;;;;;;;;;;;;;;;;;;;;;;;;;;;;;;;;
;National Currency;;;;;;;;;;;;;;;;;;;;;;;;;;;;;;;;;;;;;;;;;;;;;;;;;;;;;;;;;;;;;;;;
7 Social Exclusion;;;;;;;;;;;;;;;;;;;;;;;;;;;;;;;;;;;;;;;;;;;;;;;;;;;;;;;;;;;;;;;;;
7.1 Arrears;;;;;;;;;;;;;;;;;;;;;;;;;;;;;;;;;;;;;;;;;;;;;;;;;;;;;;;;;;;;;;;;;
;Arrears on Mortgage or Rent Payments;;;;;;;;;;;;;;;;;;;;;;;;;;;;;;;;;;;;;;;HS010;;;;HS010;;;;HS010;;;;HS010;;;;HS010;;;;HS010;;;;HS010;
;Arrears on Mortgage or Rent Payments (new in 2008);;;HS011;;;;HS011;;;;HS011;;;;;HS011;;;HS011;;;;HS011;;;;HS011;;;;HS011;;;;HS011;;;;HS011;;;;HS011;;;;HS011;;;;;;;;;;;;;;;;;
;Arrears on utility bills;;;;;;;;;;;;;;;;;;;;;;;;;;;;;;;;;;;;;;;HS020;;;;HS020;;;;HS020;;;;HS020;;;;HS020;;;;HS020;;;;HS020;
;Arrears on utility bills (new in 2008);;;HS021;;;;HS021;;;;HS021;;;;;HS021;;;HS021;;;;HS021;;;;HS021;;;;HS021;;;;HS021;;;;HS021;;;;HS021;;;;HS021;;;;;;;;;;;;;;;;;
;Arrears on Hire purchase instalments or other loan payments;;;;;;;;;;;;;;;;;;;;;;;;;;;;;;;;;;;;;;;HS030;;;;HS030;;;;HS030;;;;HS030;;;;HS030;;;;HS030;;;;HS030;
;Arrears on Hire purchase instalments or other loan payments (new in 2008);;;HS031;;;;HS031;;;;HS031;;;;;HS031;;;HS031;;;;HS031;;;;HS031;;;;HS031;;;;HS031;;;;HS031;;;;HS031;;;;HS031;;;;;;;;;;;;;;;;;
7.2 Financial burden;;;;;;;;;;;;;;;;;;;;;;;;;;;;;;;;;;;;;;;;;;;;;;;;;;;;;;;;;;;;;;;;;
;Capacity to afford paying for one week annual holiday away from home;;;HS040;;;;HS040;;;;HS040;;;;;HS040;;;HS040;;;;HS040;;;;HS040;;;;HS040;;;;HS040;;;;HS040;;;;HS040;;;;HS040;;;;HS040;;;;HS040;;;;HS040;;;;HS040;
;Capacity to afford a meal with meat, chicken, fish (or vegetarian equivalent) every second day;;;HS050;;;;HS050;;;;HS050;;;;;HS050;;;HS050;;;;HS050;;;;HS050;;;;HS050;;;;HS050;;;;HS050;;;;HS050;;;;HS050;;;;HS050;;;;HS050;;;;HS050;;;;HS050;
;Capacity to face unexpected financial expenses;;;HS060;;;;HS060;;;;HS060;;;;;HS060;;;HS060;;;;HS060;;;;HS060;;;;HS060;;;;HS060;;;;HS060;;;;HS060;;;;HS060;;;;HS060;;;;HS060;;;;HS060;;;;HS060;
;Ability to make ends meet;;;HS120;;;;HS120;;;;HS120;;;;;HS120;;;HS120;;;;HS120;;;;HS120;;;;HS120;;;;;;;;;;;;;;;;;;;;;;;;;;;;;;;;;
;Lowest monthly income to make end meet;;;HS130;;;;HS130;;;;HS130;;;;;HS130;;;HS130;;;;HS130;;;;HS130;;;;HS130;;;;HS130;;;;HS130;;;;HS130;;;;HS130;;;;HS130;;;;HS130;;;;HS130;;;;HS130;
;Financial Burden of the repayment of debts from hire purchases or loans;;;HS150;;;;HS150;;;;HS150;;;;;HS150;;;HS150;;;;HS150;;;;HS150;;;;HS150;;;;HS150;;;;HS150;;;;HS150;;;;HS150;;;;HS150;;;;HS150;;;;HS150;;;;HS150;
7.3 Non-monetary household deprivation indicators;;;;;;;;;;;;;;;;;;;;;;;;;;;;;;;;;;;;;;;;;;;;;;;;;;;;;;;;;;;;;;;;;
;Do you have a telephone (incl. mobile phone)?;;;HS070;;;;HS070;;;;HS070;;;;;HS070;;;HS070;;;;HS070;;;;HS070;;;;HS070;;;;HS070;;;;HS070;;;;HS070;;;;HS070;;;;HS070;;;;HS070;;;;HS070;;;;HS070;
;Do you have a colour TV?;;;HS080;;;;HS080;;;;HS080;;;;;HS080;;;HS080;;;;HS080;;;;HS080;;;;HS080;;;;HS080;;;;HS080;;;;HS080;;;;HS080;;;;HS080;;;;HS080;;;;HS080;;;;HS080;
;Do you have a computer?;;;HS090;;;;HS090;;;;HS090;;;;;HS090;;;HS090;;;;HS090;;;;HS090;;;;HS090;;;;HS090;;;;HS090;;;;HS090;;;;HS090;;;;HS090;;;;HS090;;;;HS090;;;;HS090;
;Do you have a washing machine?;;;HS100;;;;HS100;;;;HS100;;;;;HS100;;;HS100;;;;HS100;;;;HS100;;;;HS100;;;;HS100;;;;HS100;;;;HS100;;;;HS100;;;;HS100;;;;HS100;;;;HS100;;;;HS100;
;Do you have a car?;;;HS110;;;;HS110;;;;HS110;;;;;HS110;;;HS110;;;;HS110;;;;HS110;;;;HS110;;;;HS110;;;;HS110;;;;HS110;;;;HS110;;;;HS110;;;;HS110;;;;HS110;;;;HS110;
;Financial burden of the total housing cost;;;HS140;;;;HS140;;;;HS140;;;;;HS140;;;HS140;;;;HS140;;;;HS140;;;;HS140;;;;HS140;;;;HS140;;;;HS140;;;;HS140;;;;HS140;;;;HS140;;;;HS140;;;;HS140;
7.4 Physical and social environment;;;;;;;;;;;;;;;;;;;;;;;;;;;;;;;;;;;;;;;;;;;;;;;;;;;;;;;;;;;;;;;;;
;Problems with the dwelling: too dark, not enough light;;;HS160;;;;HS160;;;;HS160;;;;;HS160;;;HS160;;;;HS160;;;;HS160;;;;HS160;;;;HS160;;;;HS160;;;;HS160;;;;HS160;;;;HS160;;;;HS160;;;;HS160;;;;HS160;
;Noise from neighbours or from the street;;;HS170;;;;HS170;;;;HS170;;;;;HS170;;;HS170;;;;HS170;;;;HS170;;;;HS170;;;;HS170;;;;HS170;;;;HS170;;;;HS170;;;;HS170;;;;HS170;;;;HS170;;;;HS170;
;Pollution, grime or other environmental problems;;;HS180;;;;HS180;;;;HS180;;;;;HS180;;;HS180;;;;HS180;;;;HS180;;;;HS180;;;;HS180;;;;HS180;;;;HS180;;;;HS180;;;;HS180;;;;HS180;;;;HS180;;;;HS180;
;Crime violence or vandalism in the area;;;HS190;;;;HS190;;;;HS190;;;;;HS190;;;HS190;;;;HS190;;;;HS190;;;;HS190;;;;HS190;;;;HS190;;;;HS190;;;;HS190;;;;HS190;;;;HS190;;;;HS190;;;;HS190;
8 Household Structure;;;;;;;;;;;;;;;;;;;;;;;;;;;;;;;;;;;;;;;;;;;;;;;;;;;;;;;;;;;;;;;;;
;Work intensity status;;;;;;;;;;;;;;;;;;;;;;;;;;;;;;;;;;;;;;;;;;;;;;RX040;;;;;HX020;;;RX040;HX020;;;RX040;HX020;;;RX040;HX020;
;Work intensity (Based on persons aged 18-59 (students excluded));;RX040;;;;RX040;;;;RX040;;;;RX040;;;;RX040;;;;RX040;;;;RX040;;;;RX040;;;;RX040;;;;RX040;;;;RX040;;;;;;;;;;;;;;;;;;;;;;
;Low work intensity status;;RX050;;;;RX050;;;;RX050;;;;RX050;;;;RX050;;;;RX050;;;;RX050;;;;RX050;;;;RX050;;;;RX050;;;;RX050;;;;RX050;;;;;;;;;;;;;;;;;;
;Household size;;;HX040;;;;HX040;;;;HX040;;;;;HX040;;;HX040;;;;HX040;;;;HX040;;;;HX040;;;;HX040;;;;HX040;;;;HX040;;;;HX040;;;;HX040;;;;HX040;;;;HX040;;;;HX040;
;Equivalised Household Size;;;HX050;;;;HX050;;;;HX050;;;;;HX050;;;HX050;;;;HX050;;;;HX050;;;;HX050;;;;HX050;;;;HX050;;;;HX050;;;;HX050;;;;HX050;;;;HX050;;;;HX050;;;;HX050;
;Household type;;;HX060;;;;HX060;;;;HX060;;;;;HX060;;;HX060;;;;HX060;;;;HX060;;;;HX060;;;;HX060;;;;HX060;;;;HX060;;;;HX060;;;;HX060;;;;HX060;;;;HX060;;;;HX060;
;Overcrowded household;;;HX120;;;;HX120;;;;HX120;;;;;HX120;;;HX120;;;;HX120;;;;HX120;;;;HX120;;;;HX120;;;;HX120;;;;HX120;;;;HX120;;;;;;;;;;;;;;;;;
9 Technical Items;;;;;;;;;;;;;;;;;;;;;;;;;;;;;;;;;;;;;;;;;;;;;;;;;;;;;;;;;;;;;;;;;
9.1 Identification;;;;;;;;;;;;;;;;;;;;;;;;;;;;;;;;;;;;;;;;;;;;;;;;;;;;;;;;;;;;;;;;;
;Household ID;PX030;RX030;HB030;DB030;PX030;RX030;HB030;DB030;PX030;RX030;HB030;DB030;PX030;RX030;DB030;HB030;PX030;RX030;HB030;DB030;PX030;RX030;HB030;DB030;PX030;RX030;HB030;DB030;PX030;RX030;HB030;DB030;PX030;RX030;HB030;DB030;PX030;RX030;HB030;DB030;PX030;RX030;HB030;DB030;PX030;RX030;HB030;DB030;PX030;RX030;HB030;DB030;PX030;RX030;HB030;DB030;PX030;RX030;HB030;DB030;PX030;RX030;HB030;DB030
;Primary Sampling Units (PSU);;;;DB060;;;;DB060;;;;DB060;;;DB060;;;;;DB060;;;;DB060;;;;DB060;;;;DB060;;;;DB060;;;;DB060;;;;DB060;;;;DB060;;;;DB060;;;;DB060;;;;DB060;;;;DB060
;Secondary Sampling Units (SSU);;;;DB062;;;;DB062;;;;DB062;;;DB062;;;;;DB062;;;;DB062;;;;DB062;;;;DB062;;;;DB062;;;;DB062;;;;DB062;;;;DB062;;;;DB062;;;;DB062;;;;DB062;;;;DB062
;Order of selection of PSU;;;;DB070;;;;DB070;;;;DB070;;;DB070;;;;;DB070;;;;DB070;;;;DB070;;;;DB070;;;;DB070;;;;DB070;;;;DB070;;;;DB070;;;;DB070;;;;DB070;;;;DB070;;;;DB070
;Rotation Group;;;;DB075;;;;DB075;;;;DB075;;;DB075;;;;;DB075;;;;DB075;;;;DB075;;;;DB075;;;;DB075;;;;DB075;;;;DB075;;;;DB075;;;;DB075;;;;DB075;;;;DB075;;;;DB075
;Primary strata (Only CH);;;;;;;;;;;;;;;;;;;;;;;;;;;;;;;;;;;;;;;;;;;;;;;;;;;;;;;;;;;;;;;;
;Personal ID;PB030;RB030;;;PB030;RB030;;;PB030;RB030;;;PB030;RB030;;;PB030;RB030;;;PB030;RB030;;;PB030;RB030;;;PB030;RB030;;;PB030;RB030;;;PB030;RB030;;;PB030;RB030;;;PB030;RB030;;;PB030;RB030;;;PB030;RB030;;;PB030;RB030;;;PB030;RB030;;
;Current Household ID;;;;;;;;;;;;;;;;;;;;;;;;;;;;;;;;;;;;;;;;;;;;;;;;;;;;;;;;;;;;;;;;
;Father ID;PB160;RB220;;;PB160;RB220;;;PB160;RB220;;;PB160;RB220;;;PB160;RB220;;;PB160;RB220;;;PB160;RB220;;;PB160;RB220;;;PB160;RB220;;;PB160;RB220;;;PB160;RB220;;;PB160;RB220;;;PB160;RB220;;;PB160;RB220;;;PB160;RB220;;;PB160;RB220;;
;Mother ID;PB170;RB230;;;PB170;RB230;;;PB170;RB230;;;PB170;RB230;;;PB170;RB230;;;PB170;RB230;;;PB170;RB230;;;PB170;RB230;;;PB170;RB230;;;PB170;RB230;;;PB170;RB230;;;PB170;RB230;;;PB170;RB230;;;PB170;RB230;;;PB170;RB230;;;PB170;RB230;;
;Spouse/Partner ID;PB180;RB240;;;PB180;RB240;;;PB180;RB240;;;PB180;RB240;;;PB180;RB240;;;PB180;RB240;;;PB180;RB240;;;PB180;RB240;;;PB180;RB240;;;PB180;RB240;;;PB180;RB240;;;PB180;RB240;;;PB180;RB240;;;PB180;RB240;;;PB180;RB240;;;PB180;RB240;;
;Personal ID of proxy;;RB270;;;;RB270;;;;RB270;;;;RB270;;;;RB270;;;;RB270;;;;RB270;;;;RB270;;;;RB270;;;;RB270;;;;RB270;;;;RB270;;;;RB270;;;;RB270;;;;RB270;;;;RB270;;
;Person 1 responsible for the accommodation;;;HB080;;;;HB080;;;;HB080;;;;;HB080;;;HB080;;;;HB080;;;;HB080;;;;HB080;;;;HB080;;;;HB080;;;;HB080;;;;HB080;;;;HB080;;;;HB080;;;;HB080;;;;HB080;
;Person 2 responsible for the accommodation;;;HB090;;;;HB090;;;;HB090;;;;;HB090;;;HB090;;;;HB090;;;;HB090;;;;HB090;;;;HB090;;;;HB090;;;;HB090;;;;HB090;;;;HB090;;;;HB090;;;;HB090;;;;HB090;
9.2 Interview;;;;;;;;;;;;;;;;;;;;;;;;;;;;;;;;;;;;;;;;;;;;;;;;;;;;;;;;;;;;;;;;;
;Year of the Survey;PB010;RB010;HB010;DB010;PB010;RB010;HB010;DB010;PB010;RB010;HB010;DB010;PB010;RB010;DB010;HB010;PB010;RB010;HB010;DB010;PB010;RB010;HB010;DB010;PB010;RB010;HB010;DB010;PB010;RB010;HB010;DB010;PB010;RB010;HB010;DB010;PB010;RB010;HB010;DB010;PB010;RB010;HB010;DB010;PB010;RB010;HB010;DB010;PB010;RB010;HB010;DB010;PB010;RB010;HB010;DB010;PB010;RB010;HB010;DB010;PB010;RB010;HB010;DB010
;Respondent status;PX040;RB245;;;PX040;RB245;;;PX040;RB245;;;PX040;RB245;;;PX040;RB245;;;PX040;RB245;;;PX040;RB245;;;PX040;RB245;;;PX040;RB245;;;PX040;RB245;;;PX040;RB245;;;PX040;RB245;;;PX040;RB245;;;PX040;RB245;;;PX040;RB245;;;PX040;RB245;;
;Data status;;RB250;;;;RB250;;;;RB250;;;;RB250;;;;RB250;;;;RB250;;;;RB250;;;;RB250;;;;RB250;;;;RB250;;;;RB250;;;;RB250;;;;RB250;;;;RB250;;;;RB250;;;;RB250;;
;Type of interview;;RB260;;;;RB260;;;;RB260;;;;RB260;;;;RB260;;;;RB260;;;;RB260;;;;RB260;;;;RB260;;;;RB260;;;;RB260;;;;RB260;;;;RB260;;;;RB260;;;;RB260;;;;RB260;;
;Quarter of Household interview;;;HB050;;;;HB050;;;;HB050;;;;;HB050;;;HB050;;;;HB050;;;;HB050;;;;HB050;;;;HB050;;;;HB050;;;;HB050;;;;HB050;;;;HB050;;;;HB050;;;;HB050;;;;HB050;
;Year of Household interview;;;HB060;;;;HB060;;;;HB060;;;;;HB060;;;HB060;;;;HB060;;;;HB060;;;;HB060;;;;HB060;;;;HB060;;;;HB060;;;;HB060;;;;HB060;;;;HB060;;;;HB060;;;;HB060;
;Person responding to household questionnaire;;;HB070;;;;HB070;;;;HB070;;;;;HB070;;;HB070;;;;HB070;;;;HB070;;;;HB070;;;;HB070;;;;HB070;;;;HB070;;;;HB070;;;;HB070;;;;HB070;;;;HB070;;;;HB070;
;Number of Minutes to complete the household questionnaire;;;HB100;;;;HB100;;;;HB100;;;;;HB100;;;HB100;;;;HB100;;;;HB100;;;;HB100;;;;HB100;;;;HB100;;;;HB100;;;;HB100;;;;HB100;;;;HB100;;;;HB100;;;;HB100;
;Quarter of the personal interview;PB100;;;;PB100;;;;PB100;;;;PB100;;;;PB100;;;;PB100;;;;PB100;;;;PB100;;;;PB100;;;;PB100;;;;PB100;;;;PB100;;;;PB100;;;;PB100;;;;PB100;;;;PB100;;;
;Year of the personal interview;PB110;;;;PB110;;;;PB110;;;;PB110;;;;PB110;;;;PB110;;;;PB110;;;;PB110;;;;PB110;;;;PB110;;;;PB110;;;;PB110;;;;PB110;;;;PB110;;;;PB110;;;;PB110;;;
;Minutes to complete the personal questionnaire;PB120;;;;PB120;;;;PB120;;;;PB120;;;;PB120;;;;PB120;;;;PB120;;;;PB120;;;;PB120;;;;PB120;;;;PB120;;;;PB120;;;;PB120;;;;PB120;;;;PB120;;;;PB120;;;
9.3 Weighting;;;;;;;;;;;;;;;;;;;;;;;;;;;;;;;;;;;;;;;;;;;;;;;;;;;;;;;;;;;;;;;;;
;Household cross-sectional weight;;;;DB090;;;;DB090;;;;DB090;;;DB090;;;;;DB090;;;;DB090;;;;DB090;;;;DB090;;;;DB090;;;;DB090;;;;DB090;;;;DB090;;;;DB090;;;;DB090;;;;DB090;;;;DB090
;Household longitudinal weight;;;;;;;;;;;;;;;;;;;;;;;;;;;;;;;;;;;;;;;;;;;;;;;;;;;;;;;;;;;;;;;;
;Personal cross-sectional weight;PB040;RB050;;;PB040;RB050;;;PB040;RB050;;;PB040;RB050;;;PB040;RB050;;;PB040;RB050;;;PB040;RB050;;;PB040;RB050;;;PB040;RB050;;;PB040;RB050;;;PB040;RB050;;;PB040;RB050;;;PB040;RB050;;;PB040;RB050;;;PB040;RB050;;;PB040;RB050;;
;Personal base weight;;;;;;;;;;;;;;;;;;;;;;;;;;;;;;;;;;;;;;;;;;;;;;;;;;;;;;;;;;;;;;;;
;Longitudinal weight (two-year duration);;;;;;;;;;;;;;;;;;;;;;;;;;;;;;;;;;;;;;;;;;;;;;;;;;;;;;;;;;;;;;;;
;Longitudinal weight (three-year duration);;;;;;;;;;;;;;;;;;;;;;;;;;;;;;;;;;;;;;;;;;;;;;;;;;;;;;;;;;;;;;;;
;Longitudinal weight (four-year duration);;;;;;;;;;;;;;;;;;;;;;;;;;;;;;;;;;;;;;;;;;;;;;;;;;;;;;;;;;;;;;;;
;Children cross-sectional weight for child care;;RL070;;;;RL070;;;;RL070;;;;RL070;;;;RL070;;;;RL070;;;;RL070;;;;RL070;;;;RL070;;;;RL070;;;;RL070;;;;RL070;;;;RL070;;;;RL070;;;;RL070;;;;RL070;;
;Personal cross-sectional weight for selected respondent;PB060;;;;PB060;;;;PB060;;;;PB060;;;;PB060;;;;PB060;;;;PB060;;;;PB060;;;;PB060;;;;PB060;;;;PB060;;;;PB060;;;;PB060;;;;PB060;;;;PB060;;;;PB060;;;
;Personal base weight for selected respondent;;;;;;;;;;;;;;;;;;;;;;;;;;;;;;;;;;;;;;;;;;;;;;;;;;;;;;;;;;;;;;;;
9.4 Panel Information;;;;;;;;;;;;;;;;;;;;;;;;;;;;;;;;;;;;;;;;;;;;;;;;;;;;;;;;;;;;;;;;;
;Household status;;;;;;;;;;;;;;;;;;;;;;;;;;;;;;;;;;;;;;;;;;;;;;;;;;;;;;;;;;;;;;;;
;Sample person or co-resident;;;;;;;;;;;;;;;;;;;;;;;;;;;;;;;;;;;;;;;;;;;;;;;;;;;;;;;;;;;;;;;;
;Membership status;;;;;;;;;;;;;;;;;;;;;;;;;;;;;;;;;;;;;;;;;;;;;;;;;;;;;;;;;;;;;;;;
;Moved to;;;;;;;;;;;;;;;;;;;;;;;;;;;;;;;;;;;;;;;;;;;;;;;;;;;;;;;;;;;;;;;;
;Quarter moved out and died;;;;;;;;;;;;;;;;;;;;;;;;;;;;;;;;;;;;;;;;;;;;;;;;;;;;;;;;;;;;;;;;
;Year moved out and died;;;;;;;;;;;;;;;;;;;;;;;;;;;;;;;;;;;;;;;;;;;;;;;;;;;;;;;;;;;;;;;;
;Number of months in household during the income reference period;;;;;;;;;;;;;;;;;;;;;;;;;;;;;;;;;;;;;;;;;;;;;;;;;;;;;;;;;;;;;;;;
;Quarter moved in;;;;;;;;;;;;;;;;;;;;;;;;;;;;;;;;;;;;;;;;;;;;;;;;;;;;;;;;;;;;;;;;
;Year moved in;;;;;;;;;;;;;;;;;;;;;;;;;;;;;;;;;;;;;;;;;;;;;;;;;;;;;;;;;;;;;;;;
10 Modules;;;;;;;;;;;;;;;;;;;;;;;;;;;;;;;;;;;;;;;;;;;;;;;;;;;;;;;;;;;;;;;;;
10.1 Module on intergenerational transmission of disadvantages, household composition and evolution of income (2019 module);;;;;;;;;;;;;;;;;;;;;;;;;;;;;;;;;;;;;;;;;;;;;;;;;;;;;;;;;;;;;;;;;
;Sequential number of the persons in the household (2019 module);;;;;;;;;;;;;;;;;;;;;;;;;;;;;;;;;;;;;;;;;;;;;;;;;;;;;;;;;;;;;;;;
;Person 1 (2019 module);;;;;;;;;;;;;;;;;;;;;;;;;;;;;;;;;;;;;;;;;;;;;;;;;;;;;;;;;;;;;;;;
;Person 2 (2019 module);;;;;;;;;;;;;;;;;;;;;;;;;;;;;;;;;;;;;;;;;;;;;;;;;;;;;;;;;;;;;;;;
;Person 3 (2019 module);;;;;;;;;;;;;;;;;;;;;;;;;;;;;;;;;;;;;;;;;;;;;;;;;;;;;;;;;;;;;;;;
;Person 4 (2019 module);;;;;;;;;;;;;;;;;;;;;;;;;;;;;;;;;;;;;;;;;;;;;;;;;;;;;;;;;;;;;;;;
;Person 5 (2019 module);;;;;;;;;;;;;;;;;;;;;;;;;;;;;;;;;;;;;;;;;;;;;;;;;;;;;;;;;;;;;;;;
;Person 6 (2019 module);;;;;;;;;;;;;;;;;;;;;;;;;;;;;;;;;;;;;;;;;;;;;;;;;;;;;;;;;;;;;;;;
;Person 7 (2019 module);;;;;;;;;;;;;;;;;;;;;;;;;;;;;;;;;;;;;;;;;;;;;;;;;;;;;;;;;;;;;;;;
;Person 8 (2019 module);;;;;;;;;;;;;;;;;;;;;;;;;;;;;;;;;;;;;;;;;;;;;;;;;;;;;;;;;;;;;;;;
;Person 9 (2019 module);;;;;;;;;;;;;;;;;;;;;;;;;;;;;;;;;;;;;;;;;;;;;;;;;;;;;;;;;;;;;;;;
;Person 10 (2019 module);;;;;;;;;;;;;;;;;;;;;;;;;;;;;;;;;;;;;;;;;;;;;;;;;;;;;;;;;;;;;;;;
;Person 11 (2019 module);;;;;;;;;;;;;;;;;;;;;;;;;;;;;;;;;;;;;;;;;;;;;;;;;;;;;;;;;;;;;;;;
;Person 12 (2019 module);;;;;;;;;;;;;;;;;;;;;;;;;;;;;;;;;;;;;;;;;;;;;;;;;;;;;;;;;;;;;;;;
;Person 13 (2019 module);;;;;;;;;;;;;;;;;;;;;;;;;;;;;;;;;;;;;;;;;;;;;;;;;;;;;;;;;;;;;;;;
;Person 14 (2019 module);;;;;;;;;;;;;;;;;;;;;;;;;;;;;;;;;;;;;;;;;;;;;;;;;;;;;;;;;;;;;;;;
;Person 15 (2019 module);;;;;;;;;;;;;;;;;;;;;;;;;;;;;;;;;;;;;;;;;;;;;;;;;;;;;;;;;;;;;;;;
;Person 16 (2019 module);;;;;;;;;;;;;;;;;;;;;;;;;;;;;;;;;;;;;;;;;;;;;;;;;;;;;;;;;;;;;;;;
;Person 17 (2019 module);;;;;;;;;;;;;;;;;;;;;;;;;;;;;;;;;;;;;;;;;;;;;;;;;;;;;;;;;;;;;;;;
;Person 18 (2019 module);;;;;;;;;;;;;;;;;;;;;;;;;;;;;;;;;;;;;;;;;;;;;;;;;;;;;;;;;;;;;;;;
;Person 19 (2019 module);;;;;;;;;;;;;;;;;;;;;;;;;;;;;;;;;;;;;;;;;;;;;;;;;;;;;;;;;;;;;;;;
;Person 20 (2019 module);;;;;;;;;;;;;;;;;;;;;;;;;;;;;;;;;;;;;;;;;;;;;;;;;;;;;;;;;;;;;;;;
;Type of household when respondent was around 14 years old (2019 module);;;;;;;;;;;;;;;;;;;;;;;;;;;;;;;;;;;;;;;;;;;;;;;;;;;;;;;;;;;;;;;;
;Presence of mother when respondent was around 14 years old (2019 module);;;;;;;;;;;;;;;;;;;;;;;;;;;;;;;;;;;;;;;;;;;;;;;;;;;;;;;;;;;;;;;;
;Presence of father when respondent was around 14 years old (2019 module);;;;;;;;;;;;;;;;;;;;;;;;;;;;;;;;;;;;;;;;;;;;;;;;;;;;;;;;;;;;;;;;
;Degree of urbanisation when respondent was around 14 years old (2019 module);PT250;;;;;;;;;;;;;;;;;;;;;;;;;;;;;;;;;;;;;;;;;;;;;;;;;;;;;;;;;;;;;;;
;Basic school needs (books and equipment for school) met when respondent was around 14 years old (2019 module);;;;;;;;;;;;;;;;;;;;;;;;;;;;;;;;;;;;;;;;;;;;;;;;;;;;;;;;;;;;;;;;
;Having meal with meat, chicken, fish (or vegetarian equivalent) daily when respondent was around 14 years old (2019 module);;;;;;;;;;;;;;;;;;;;;;;;;;;;;;;;;;;;;;;;;;;;;;;;;;;;;;;;;;;;;;;;
;One week annual holiday away from home when respondent was around 14 years old (2019 module);;;;;;;;;;;;;;;;;;;;;;;;;;;;;;;;;;;;;;;;;;;;;;;;;;;;;;;;;;;;;;;;
;Change in income compared to previous year (2019 module);;;;;;;;;;;;;;;;;;;;;;;;;;;;;;;;;;;;;;;;;;;;;;;;;;;;;;;;;;;;;;;;
;Reason for increase in income (2019 module);;;HI020;;;;;;;;;;;;;;;;;;;;;;;;;;;;;;;;;;;;;;;;;;;;;;;;;;;;;;;;;;;;;
;Reason for decrease in income (2019 module);;;;;;;;;;;;;;;;;;;;;;;;;;;;;;;;;;;;;;;;;;;;;;;;;;;;;;;;;;;;;;;;
;Future income (2019 module);;;;;;;;;;;;;;;;;;;;;;;;;;;;;;;;;;;;;;;;;;;;;;;;;;;;;;;;;;;;;;;;
10.2 Module on Health & Children's Health (2017 module);;;;;;;;;;;;;;;;;;;;;;;;;;;;;;;;;;;;;;;;;;;;;;;;;;;;;;;;;;;;;;;;;
;Unmet need for medical examination or treatment (children) (2017 module);;;;;;;;;;;HC010T;;;;;;;;;;;;;;;;;;;;;;;;;;;;;;;;;;;;;;;;;;;;;;;;;;;;;
;Main reason for unmet need for medical examination or treatment (children) (2017 module);;;;;;;;;;;HC020T;;;;;;;;;;;;;;;;;;;;;;;;;;;;;;;;;;;;;;;;;;;;;;;;;;;;;
;Unmet need for dental examination or treatment (children) (2017 module);;;;;;;;;;;HC030T;;;;;;;;;;;;;;;;;;;;;;;;;;;;;;;;;;;;;;;;;;;;;;;;;;;;;
;Main reason for unmet need for dental examination or treatment (children) (2017 module);;;;;;;;;;;HC040T;;;;;;;;;;;;;;;;;;;;;;;;;;;;;;;;;;;;;;;;;;;;;;;;;;;;;
;Module child 0-15 Household weight (optional) (2017 module);;;;;;;;;;;HC050T;;;;;;;;;;;;;;;;;;;;;;;;;;;;;;;;;;;;;;;;;;;;;;;;;;;;;
;Financial burden of medical care (2017 module);;;;;;;;;;;HS200;;;;;;;;;;;;;;;;;;;;;;;;;;;;;;;;;;;;;;;;;;;;;;;;;;;;;
;Financial burden of dental care (2017 module);;;;;;;;;;;HS210;;;;;;;;;;;;;;;;;;;;;;;;;;;;;;;;;;;;;;;;;;;;;;;;;;;;;
;Financial burden of medicines (2017 module);;;;;;;;;;;HS220;;;;;;;;;;;;;;;;;;;;;;;;;;;;;;;;;;;;;;;;;;;;;;;;;;;;;
;Number of visits to a dentist or orthodontist (2017 module);;;;;;;;;PH080;;;;;;;;;;;;;;;;;;;;;;;;;;;;;;;;;;;;;;;;;;;;;;;;;;;;;;;
;Number of consultations of a general practitioner or family doctor (2017 module);;;;;;;;;PH090;;;;;;;;;;;;;;;;;;;;;;;;;;;;;;;;;;;;;;;;;;;;;;;;;;;;;;;
;Number of consultations of a medical or surgical specialist (2017 module);;;;;;;;;PH100;;;;;;;;;;;;;;;;;;;;;;;;;;;;;;;;;;;;;;;;;;;;;;;;;;;;;;;
;Body mass index (BMI) (16: bottom code/ 40: top code) (2017 module);;;;;;;;;PH110;;;;;;;;;;;;;;;;;;;;;;;;;;;;;;;;;;;;;;;;;;;;;;;;;;;;;;;
;Type of physical activity when working (2017 module);;;;;;;;;PH120;;;;;;;;;;;;;;;;;;;;;;;;;;;;;;;;;;;;;;;;;;;;;;;;;;;;;;;
;Time spent on physical activities (excluding working) in a typical week (2017 module);;;;;;;;;PH130;;;;;;;;;;;;;;;;;;;;;;;;;;;;;;;;;;;;;;;;;;;;;;;;;;;;;;;
;Frequency of eating fruit (2017 module);;;;;;;;;PH140;;;;;;;;;;;;;;;;;;;;;;;;;;;;;;;;;;;;;;;;;;;;;;;;;;;;;;;
;Frequency of eating vegetables or salad (2017 module);;;;;;;;;PH150;;;;;;;;;;;;;;;;;;;;;;;;;;;;;;;;;;;;;;;;;;;;;;;;;;;;;;;
;General health (child) (2017 module);;;;;;;;;;RC010T;;;;;;;;;;;;;;;;;;;;;;;;;;;;;;;;;;;;;;;;;;;;;;;;;;;;;;
;Limitation in activities because of health problems (child) (2017 module);;;;;;;;;;RC020T;;;;;;;;;;;;;;;;;;;;;;;;;;;;;;;;;;;;;;;;;;;;;;;;;;;;;;
;Module child 0-15 personal weight (optional) (2017 module);;;;;;;;;;RC030T;;;;;;;;;;;;;;;;;;;;;;;;;;;;;;;;;;;;;;;;;;;;;;;;;;;;;;
10.3 Module on Access to Services (2016 module);;;;;;;;;;;;;;;;;;;;;;;;;;;;;;;;;;;;;;;;;;;;;;;;;;;;;;;;;;;;;;;;;
;Affordability of childcare services (2016 module);;;;;;;;;;;;;;;;HC040_2016;;;;;;;;;;;;;;;;;;;;;;;;;;;;;;;;;;;;;;;;;;;;;;;;
;Unmet needs for formal childcare services (2016 module);;;;;;;;;;;;;;;;HC050_2016;;;;;;;;;;;;;;;;;;;;;;;;;;;;;;;;;;;;;;;;;;;;;;;;
;Main reason for not making (more) use of formal childcare services (2016 module);;;;;;;;;;;;;;;;HC060_2016;;;;;;;;;;;;;;;;;;;;;;;;;;;;;;;;;;;;;;;;;;;;;;;;
;Affordability of formal education (2016 module);;;;;;;;;;;;;;;;HC100_2016;;;;;;;;;;;;;;;;;;;;;;;;;;;;;;;;;;;;;;;;;;;;;;;;
;Use of health care services (2016 module);;;;;;;;;;;;;;;;HC160_2016;;;;;;;;;;;;;;;;;;;;;;;;;;;;;;;;;;;;;;;;;;;;;;;;
;Payment for health care services (2016 module);;;;;;;;;;;;;;;;HC170;;;;;;;;;;;;;;;;;;;;;;;;;;;;;;;;;;;;;;;;;;;;;;;;
;Affordability of health care services (2016 module);;;;;;;;;;;;;;;;HC180;;;;;;;;;;;;;;;;;;;;;;;;;;;;;;;;;;;;;;;;;;;;;;;;
;Presence in the household of people who need help due to long-term physical or mental ill-health, infirmity or because of old age (2016 module);;;;;;;;;;;;;;;;HC190;;;;;;;;;;;;;;;;;;;;;;;;;;;;;;;;;;;;;;;;;;;;;;;;
;Professional home care received (2016 module);;;;;;;;;;;;;;;;HC200;;;;;;;;;;;;;;;;;;;;;;;;;;;;;;;;;;;;;;;;;;;;;;;;
;Number of hours per week of professional home care received (2016 module);;;;;;;;;;;;;;;;HC210;;;;;;;;;;;;;;;;;;;;;;;;;;;;;;;;;;;;;;;;;;;;;;;;
;Payment for professional home care (2016 module);;;;;;;;;;;;;;;;HC220;;;;;;;;;;;;;;;;;;;;;;;;;;;;;;;;;;;;;;;;;;;;;;;;
;Affordability of professional home care services (2016 module);;;;;;;;;;;;;;;;HC230;;;;;;;;;;;;;;;;;;;;;;;;;;;;;;;;;;;;;;;;;;;;;;;;
;Unmet needs for professional home care (2016 module);;;;;;;;;;;;;;;;HC240;;;;;;;;;;;;;;;;;;;;;;;;;;;;;;;;;;;;;;;;;;;;;;;;
;Main reason for not receiving (more) professional home care services (2016 module);;;;;;;;;;;;;;;;HC250;;;;;;;;;;;;;;;;;;;;;;;;;;;;;;;;;;;;;;;;;;;;;;;;
;Payment for the cost of formal childcare services (2016 module);;;;;;;;;;;;;;RC010;;;;;;;;;;;;;;;;;;;;;;;;;;;;;;;;;;;;;;;;;;;;;;;;;;
;Proportion of the cost of formal childcare services paid (2016 module);;;;;;;;;;;;;;RC020;;;;;;;;;;;;;;;;;;;;;;;;;;;;;;;;;;;;;;;;;;;;;;;;;;
;Who pays/contributes to the cost of formal childcare services (2016 module);;;;;;;;;;;;;;RC030;;;;;;;;;;;;;;;;;;;;;;;;;;;;;;;;;;;;;;;;;;;;;;;;;;
;Payment for tuition fees (2016 module);;;;;;;;;;;;;;RC070;;;;;;;;;;;;;;;;;;;;;;;;;;;;;;;;;;;;;;;;;;;;;;;;;;
;Part of the tuition fees paid (2016 module);;;;;;;;;;;;;;RC080;;;;;;;;;;;;;;;;;;;;;;;;;;;;;;;;;;;;;;;;;;;;;;;;;;
;Who pays/ contributes to the tuition fees (2016 module);;;;;;;;;;;;;;RC090;;;;;;;;;;;;;;;;;;;;;;;;;;;;;;;;;;;;;;;;;;;;;;;;;;
;Unmet needs for formal education (2016 module);;;;;;;;;;;;;PC110;;;;;;;;;;;;;;;;;;;;;;;;;;;;;;;;;;;;;;;;;;;;;;;;;;;
;Main reason for non-participation in formal education (2016 module);;;;;;;;;;;;;PC120;;;;;;;;;;;;;;;;;;;;;;;;;;;;;;;;;;;;;;;;;;;;;;;;;;;
;Participation in training related to hobbies (2016 module);;;;;;;;;;;;;PC130;;;;;;;;;;;;;;;;;;;;;;;;;;;;;;;;;;;;;;;;;;;;;;;;;;;
;Participation in training related to professional activity (2016 module);;;;;;;;;;;;;PC140;;;;;;;;;;;;;;;;;;;;;;;;;;;;;;;;;;;;;;;;;;;;;;;;;;;
;Main reason for non-participation in training related to professional activity (2016 module);;;;;;;;;;;;;PC150;;;;;;;;;;;;;;;;;;;;;;;;;;;;;;;;;;;;;;;;;;;;;;;;;;;
;Care or assistance provided (2016 module);;;;;;;;;;;;;PC260;;;;;;;;;;;;;;;;;;;;;;;;;;;;;;;;;;;;;;;;;;;;;;;;;;;
;Number of hours per week of care or assistance provided (2016 module);;;;;;;;;;;;;PC270;;;;;;;;;;;;;;;;;;;;;;;;;;;;;;;;;;;;;;;;;;;;;;;;;;;
10.4 Wellbeing (2013 & 2018 module);;;;;;;;;;;;;;;;;;;;;;;;;;;;;;;;;;;;;;;;;;;;;;;;;;;;;;;;;;;;;;;;;
;Overall life satisfaction (2013 & 2018 module);;;;;PW010T;;;;;;;;;;;;;;;;;;;;PW010;;;;;;;;;;;;;;;;;;;;;;;;;;;;;;;;;;;;;;;
;Meaning of life (2013 module);;;;;;;;;;;;;;;;;;;;;;;;;PW020;;;;;;;;;;;;;;;;;;;;;;;;;;;;;;;;;;;;;;;
;Satisfaction with financial situation (2013 & 2018 module);;;;;PW030T;;;;;;;;;;;;;;;;;;;;PW030;;;;;;;;;;;;;;;;;;;;;;;;;;;;;;;;;;;;;;;
;Satisfaction with accommodation (2013 module);;;;;;;;;;;;;;;;;;;;;;;;;PW040;;;;;;;;;;;;;;;;;;;;;;;;;;;;;;;;;;;;;;;
;Being very nervous (2013 & 2018 module);;;;;PW050T;;;;;;;;;;;;;;;;;;;;PW050;;;;;;;;;;;;;;;;;;;;;;;;;;;;;;;;;;;;;;;
;Feeling down in the dumps (2013 & 2018 module);;;;;PW060T;;;;;;;;;;;;;;;;;;;;PW060;;;;;;;;;;;;;;;;;;;;;;;;;;;;;;;;;;;;;;;
;Feeling calm and peaceful (2013 & 2018 module);;;;;PW070T;;;;;;;;;;;;;;;;;;;;PW070;;;;;;;;;;;;;;;;;;;;;;;;;;;;;;;;;;;;;;;
;Feeling downhearted or depressed (2013 & 2018 module);;;;;PW080T;;;;;;;;;;;;;;;;;;;;PW080;;;;;;;;;;;;;;;;;;;;;;;;;;;;;;;;;;;;;;;
;Being happy (2013 & 2018 module);;;;;PW090T;;;;;;;;;;;;;;;;;;;;PW090;;;;;;;;;;;;;;;;;;;;;;;;;;;;;;;;;;;;;;;
;Job satisfaction (2013 & 2018 module);;;;;PW100T;;;;;;;;;;;;;;;;;;;;PW100;;;;;;;;;;;;;;;;;;;;;;;;;;;;;;;;;;;;;;;
;Satisfaction with commuting time (2013 module);;;;;;;;;;;;;;;;;;;;;;;;;PW110;;;;;;;;;;;;;;;;;;;;;;;;;;;;;;;;;;;;;;;
;Satisfaction with time use (2013 & 2018 module);;;;;PW120T;;;;;;;;;;;;;;;;;;;;PW120;;;;;;;;;;;;;;;;;;;;;;;;;;;;;;;;;;;;;;;
;Trust in the political system (2013 module);;;;;;;;;;;;;;;;;;;;;;;;;PW130;;;;;;;;;;;;;;;;;;;;;;;;;;;;;;;;;;;;;;;
;Trust in the legal system (2013 module);;;;;;;;;;;;;;;;;;;;;;;;;PW140;;;;;;;;;;;;;;;;;;;;;;;;;;;;;;;;;;;;;;;
;Trust in the police (2013 module);;;;;;;;;;;;;;;;;;;;;;;;;PW150;;;;;;;;;;;;;;;;;;;;;;;;;;;;;;;;;;;;;;;
;Satisfaction with personal relationships (2013 & 2018 module);;;;;PW160T;;;;;;;;;;;;;;;;;;;;PW160;;;;;;;;;;;;;;;;;;;;;;;;;;;;;;;;;;;;;;;
;Personal matters (anyone to discuss with) (2013 module);;;;;;;;;;;;;;;;;;;;;;;;;PW170;;;;;;;;;;;;;;;;;;;;;;;;;;;;;;;;;;;;;;;
;Feeling lonely (2018 module);;;;;PW230T;;;;;;;;;;;;;;;;;;;;;;;;;;;;;;;;;;;;;;;;;;;;;;;;;;;;;;;;;;;
;Help from others (2013 module);;;;;;;;;;;;;;;;;;;;;;;;;PW180;;;;;;;;;;;;;;;;;;;;;;;;;;;;;;;;;;;;;;;
;Material help (2018 module);;;;;PW040T;;;;;;;;;;;;;;;;;;;;;;;;;;;;;;;;;;;;;;;;;;;;;;;;;;;;;;;;;;;
;Non-material help (2018 module);;;;;PW110T;;;;;;;;;;;;;;;;;;;;;;;;;;;;;;;;;;;;;;;;;;;;;;;;;;;;;;;;;;;
;Trust in others (2013 & 2018 module);;;;;PW190T;;;;;;;;;;;;;;;;;;;;PW190;;;;;;;;;;;;;;;;;;;;;;;;;;;;;;;;;;;;;;;
;Satisfaction with recreational or green areas (2013 module);;;;;;;;;;;;;;;;;;;;;;;;;PW200;;;;;;;;;;;;;;;;;;;;;;;;;;;;;;;;;;;;;;;
;Satisfaction with living environment (2013 module);;;;;;;;;;;;;;;;;;;;;;;;;PW210;;;;;;;;;;;;;;;;;;;;;;;;;;;;;;;;;;;;;;;
;Physical security (2013 module);;;;;;;;;;;;;;;;;;;;;;;;;PW220;;;;;;;;;;;;;;;;;;;;;;;;;;;;;;;;;;;;;;;
;Perceived social exclusion (2018 module);;;;;PW240T;;;;;;;;;;;;;;;;;;;;;;;;;;;;;;;;;;;;;;;;;;;;;;;;;;;;;;;;;;;
;Well being module weight (2013 & 2018 module);;;;;PW005T;;;;;;;;;;;;;;;;;;;;PX200;;;;;;;;;;;;;;;;;;;;;;;;;;;;;;;;;;;;;;;
10.5 Intergenerational transmission of disadvantages (2011 & 2019 module);;;;;;;;;;;;;;;;;;;;;;;;;;;;;;;;;;;;;;;;;;;;;;;;;;;;;;;;;;;;;;;;;
;Personal intergenerational cross-sectional weight (2011 module);;;;;;;;;;;;;;;;;;;;;;;;;;;;;;;;;PT005;;;;;;;;;;;;;;;;;;;;;;;;PM005;;;;;;;
;Presence of Parents (2011 module);;;;;;;;;;;;;;;;;;;;;;;;;;;;;;;;;PT010;;;;;;;;;;;;;;;;;;;;;;;;;;;;;;;
;Number of adults (2011 & 2019 module);PT020;;;;;;;;;;;;;;;;;;;;;;;;;;;;;;;;PT020;;;;;;;;;;;;;;;;;;;;;;;;;;;;;;;
;Number of children (2011 & 2019 module);PT030;;;;;;;;;;;;;;;;;;;;;;;;;;;;;;;;PT030;;;;;;;;;;;;;;;;;;;;;;;;;;;;;;;
;Number of persons in the household in work (2011 & 2019 module);PT040;;;;;;;;;;;;;;;;;;;;;;;;;;;;;;;;PT040;;;;;;;;;;;;;;;;;;;;;;;;;;;;;;;
;Year of birth of the father (2011 module);;;;;;;;;;;;;;;;;;;;;;;;;;;;;;;;;PT050;;;;;;;;;;;;;;;;;;;;;;;;;;;;;;;
;Country of birth of the father (2011 & 2019 module);PT060;;;;;;;;;;;;;;;;;;;;;;;;;;;;;;;;PT060;;;;;;;;;;;;;;;;;;;;;;;;;;;;;;;
;Citizenship of the father (2011 & 2019 module);PT070;;;;;;;;;;;;;;;;;;;;;;;;;;;;;;;;PT070;;;;;;;;;;;;;;;;;;;;;;;;;;;;;;;
;Year of birth of the mother (2011 module);;;;;;;;;;;;;;;;;;;;;;;;;;;;;;;;;PT080;;;;;;;;;;;;;;;;;;;;;;;;;;;;;;;
;Country of birth of the mother (2011 & 2019 module);PT090;;;;;;;;;;;;;;;;;;;;;;;;;;;;;;;;PT090;;;;;;;;;;;;;;;;;;;;;;;;;;;;;;;
;Citizenship of the mother (2011 & 2019 module);PT100;;;;;;;;;;;;;;;;;;;;;;;;;;;;;;;;PT100;;;;;;;;;;;;;;;;;;;;;;;;;;;;;;;
;Highest level of education attained by the father (2011 & 2019 module);PT110;;;;;;;;;;;;;;;;;;;;;;;;;;;;;;;;PT110;;;;;;;;;;;;;;;;;;;;;;;;;;;;;;;
;Highest level of education attained by the mother (2011 & 2019 module);PT120;;;;;;;;;;;;;;;;;;;;;;;;;;;;;;;;PT120;;;;;;;;;;;;;;;;;;;;;;;;;;;;;;;
;Activity status of the father (2011 & 2019 module);PT130;;;;;;;;;;;;;;;;;;;;;;;;;;;;;;;;PT130;;;;;;;;;;;;;;;;;;;;;;;;;;;;;;;
;Managerial position of the father (2011 & 2019 module);PT140;;;;;;;;;;;;;;;;;;;;;;;;;;;;;;;;PT140;;;;;;;;;;;;;;;;;;;;;;;;;;;;;;;
;Main occupation of the father (2011 & 2019 module);PT150;;;;;;;;;;;;;;;;;;;;;;;;;;;;;;;;PT150;;;;;;;;;;;;;;;;;;;;;;;;;;;;;;;
;Activity status of the mother (2011 & 2019 module);PT160;;;;;;;;;;;;;;;;;;;;;;;;;;;;;;;;PT160;;;;;;;;;;;;;;;;;;;;;;;;;;;;;;;
;Managerial position of the mother (2011 & 2019 module);PT170;;;;;;;;;;;;;;;;;;;;;;;;;;;;;;;;PT170;;;;;;;;;;;;;;;;;;;;;;;;;;;;;;;
;Main occupation of the mother (2011 & 2019 module);PT180;;;;;;;;;;;;;;;;;;;;;;;;;;;;;;;;PT180;;;;;;;;;;;;;;;;;;;;;;;;;;;;;;;
;Financial situation of the household (2011 & 2019 module);PT190;;;;;;;;;;;;;;;;;;;;;;;;;;;;;;;;PT190;;;;;;;;;;;;;;;;;;;;;;;;;;;;;;;
;Ability to make ends meet (2011 module);;;;;;;;;;;;;;;;;;;;;;;;;;;;;;;;;PT200;;HS120;;;;HS120;;;;HS120;;;;HS120;;;;HS120;;;;HS120;;;;HS120;;;;HS120;
;Tenancy status (2011 & 2019 module);PT210;;;;;;;;;;;;;;;;;;;;;;;;;;;;;;;;PT210;;;;;;;;;;;;;;;;;;;;;;;;;;;;;;;
10.6 Intra-household sharing of resources (2010 module);;;;;;;;;;;;;;;;;;;;;;;;;;;;;;;;;;;;;;;;;;;;;;;;;;;;;;;;;;;;;;;;;
10.6.1 Intra-household sharing of resources: Household data (2010 module);;;;;;;;;;;;;;;;;;;;;;;;;;;;;;;;;;;;;;;;;;;;;;;;;;;;;;;;;;;;;;;;;
;Regime of household finances (2010 module);;;;;;;;;;;;;;;;;;;;;;;;;;;;;;;;;;;;;;;HA010;;;;;;;;;;;;;;;;;;;;;;;;;
;Management of common household finances (2010 module);;;;;;;;;;;;;;;;;;;;;;;;;;;;;;;;;;;;;;;HA020;;;;;;;;;;;;;;;;;;;;;;;;;
;ID number of person 1 managing the hhlds finances (2010 module);;;;;;;;;;;;;;;;;;;;;;;;;;;;;;;;;;;;;;;HA030;;;;;;;;;;;;;;;;;;;;;;;;;
;ID number of person 2 managing the hhlds finances (2010 module);;;;;;;;;;;;;;;;;;;;;;;;;;;;;;;;;;;;;;;HA040;;;;;;;;;;;;;;;;;;;;;;;;;
;ID number of person 3 managing the hhlds finances (2010 module);;;;;;;;;;;;;;;;;;;;;;;;;;;;;;;;;;;;;;;HA050;;;;;;;;;;;;;;;;;;;;;;;;;
;ID number of person 4 managing the hhlds finances (2010 module);;;;;;;;;;;;;;;;;;;;;;;;;;;;;;;;;;;;;;;HA060;;;;;;;;;;;;;;;;;;;;;;;;;
;ID number of person 5 managing the hhlds finances (2010 module);;;;;;;;;;;;;;;;;;;;;;;;;;;;;;;;;;;;;;;HA070;;;;;;;;;;;;;;;;;;;;;;;;;
10.6.2 Intra-household sharing of resources: Personal data (2010 module);;;;;;;;;;;;;;;;;;;;;;;;;;;;;;;;;;;;;;;;;;;;;;;;;;;;;;;;;;;;;;;;;
;Proportion of personal income kept separate from the common hhld budget (2010 module);;;;;;;;;;;;;;;;;;;;;;;;;;;;;;;;;;;;;PA010;;;;;;;;;;;;;;;;;;;;;;;;;;;
;Access to a bank account (2010 module);;;;;;;;;;;;;;;;;;;;;;;;;;;;;;;;;;;;;PA020;;;;;;;;;;;;;;;;;;;;;;;;;;;
;Decision-making on everyday shopping (2010 module);;;;;;;;;;;;;;;;;;;;;;;;;;;;;;;;;;;;;PA030;;;;;;;;;;;;;;;;;;;;;;;;;;;
;Decision-making on important expenses to make for the child(ren) (2010 module);;;;;;;;;;;;;;;;;;;;;;;;;;;;;;;;;;;;;PA040;;;;;;;;;;;;;;;;;;;;;;;;;;;
;Decision-making on expensive purchases of consumer durables and furniture (2010 module);;;;;;;;;;;;;;;;;;;;;;;;;;;;;;;;;;;;;PA050;;;;;;;;;;;;;;;;;;;;;;;;;;;
;Decision-making on borrowing money (2010 module);;;;;;;;;;;;;;;;;;;;;;;;;;;;;;;;;;;;;PA060;;;;;;;;;;;;;;;;;;;;;;;;;;;
;Decision-making on use of savings (2010 module);;;;;;;;;;;;;;;;;;;;;;;;;;;;;;;;;;;;;PA070;;;;;;;;;;;;;;;;;;;;;;;;;;;
;Decision-making   general (2010 module);;;;;;;;;;;;;;;;;;;;;;;;;;;;;;;;;;;;;PA080;;;;;;;;;;;;;;;;;;;;;;;;;;;
;Ability to decide about expenses for your own personal consumption, your leisure activities & hobbies (2010 module);;;;;;;;;;;;;;;;;;;;;;;;;;;;;;;;;;;;;PA090;;;;;;;;;;;;;;;;;;;;;;;;;;;
;Ability to decide about purchases for children s needs (incl. giving them pocket money) (2010 module);;;;;;;;;;;;;;;;;;;;;;;;;;;;;;;;;;;;;PA100;;;;;;;;;;;;;;;;;;;;;;;;;;;
;Length of cohabitation of the partners (2010 module);;;;;;;;;;;;;;;;;;;;;;;;;;;;;;;;;;;;;PA110;;;;;;;;;;;;;;;;;;;;;;;;;;;
;Optional: Time spent commuting to and from work (2010 module);;;;;;;;;;;;;;;;;;;;;;;;;;;;;;;;;;;;;PA120;;;;;;;;;;;;;;;;;;;;;;;;;;;
;Optional: Time spent on leisure (2010 module);;;;;;;;;;;;;;;;;;;;;;;;;;;;;;;;;;;;;PA130;;;;;;;;;;;;;;;;;;;;;;;;;;;
;Optional: Time spent on household work, child care & care for other dependants (2010 module);;;;;;;;;;;;;;;;;;;;;;;;;;;;;;;;;;;;;PA140;;;;;;;;;;;;;;;;;;;;;;;;;;;
;Optional: Money spent per month for own use (2010 module);;;;;;;;;;;;;;;;;;;;;;;;;;;;;;;;;;;;;PA150;;;;;;;;;;;;;;;;;;;;;;;;;;;
;Optional: Money spent per month for children by the interviewed person (2010 module);;;;;;;;;;;;;;;;;;;;;;;;;;;;;;;;;;;;;PA160;;;;;;;;;;;;;;;;;;;;;;;;;;;
10.7 Material deprivation (2009, 2013, 2014 & 2015 module);;;;;;;;;;;;;;;;;;;;;;;;;;;;;;;;;;;;;;;;;;;;;;;;;;;;;;;;;;;;;;;;;
10.7.1 Material deprivation: Household data (2009, 2013, 2014 & 2015 module);;;;;;;;;;;;;;;;;;;;;;;;;;;;;;;;;;;;;;;;;;;;;;;;;;;;;;;;;;;;;;;;;
;Place to live with hot running water (2009 module);;;;;;;;;;;;;;;;;;;;;;;;;;;;;;;;;;;;;;;;;;;HD010;;;;;;;;;;;;;;;;;;;;;
;Expectation of household to change dwelling (2009 module);;;;;;;;;;;;;;;;;;;;;;;;;;;;;;;;;;;;;;;;;;;HD020;;;;;;;;;;;;;;;;;;;;;
;Main reason for the expactation to change dwelling (2009 module);;;;;;;;;;;;;;;;;;;;;;;;;;;;;;;;;;;;;;;;;;;HD025;;;;;;;;;;;;;;;;;;;;;
;Shortage of space in dwelling (2009 module);;;;;;;;;;;;;;;;;;;;;;;;;;;;;;;;;;;;;;;;;;;HD030;;;;;;;;;;;;;;;;;;;;;
;Size of dwelling in square metres (2009 module);;;;;;;;;;;;;;;;;;;;;;;;;;;;;;;;;;;;;;;;;;;HD035;;;;;;;;;;;;;;;;;;;;;
;Litter lying around in the neighbourhood (2009 module);;;;;;;;;;;;;;;;;;;;;;;;;;;;;;;;;;;;;;;;;;;HD040;;;;;;;;;;;;;;;;;;;;;
;Damaged public amenities (bus stops, lamp posts, pavements, etc.) in the neighbourhood (2009 module);;;;;;;;;;;;;;;;;;;;;;;;;;;;;;;;;;;;;;;;;;;HD050;;;;;;;;;;;;;;;;;;;;;
;Accessibility of public transport (2009 module);;;;;;;;;;;;;;;;;;;;;;;;;;;;;;;;;;;;;;;;;;;HD060;;;;;;;;;;;;;;;;;;;;;
;Accessibility of postal or banking services (2009 module);;;;;;;;;;;;;;;;;;;;;;;;;;;;;;;;;;;;;;;;;;;HD070;;;;;;;;;;;;;;;;;;;;;
;"Replacing worn-out furniture (2009, 2013, 2014 & 2015 module; 2017ff. target variable)";;;HD080;;;;HD080;;;;HD080;;;;;HD080;;;HD080;;;;HD080;;;;HD080;;;;;;;;;;;;;;;;HD080;;;;;;;;;;;;;;;;;;;;;
;Internet connection (2009 module);;;;;;;;;;;;;;;;;;;;;;;;;;;;;;;;;;;;;;;;;;;HD090;;;;;;;;;;;;;;;;;;;;;
;Some new (not second-hand) clothes (2009, 2013 & 2014 module);;;;;;;;;;;;;;;;;;;;;;;HD100;;;;HD100;;;;;;;;;;;;;;;;HD100;;;;;;;;;;;;;;;;;;;;;
;Two pairs of properly fitting shoes (including a pair of all-weather shoes), for children aged under 16 (2009, 2013 & 2014 module);;;;;;;;;;;;;;;;;;;;;;;;;;;HD110;;;;;;;;;;;;;;;;HD110;;;;;;;;;;;;;;;;;;;;;
;Fresh fruit and vegetables once a day (2009, 2013 & 2014 module);;;;;;;;;;;;;;;;;;;;;;;HD120;;;;HD120;;;;;;;;;;;;;;;;HD120;;;;;;;;;;;;;;;;;;;;;
;Three meals a day (2009 module);;;;;;;;;;;;;;;;;;;;;;;;;;;;;;;;;;;;;;;;;;;HD130;;;;;;;;;;;;;;;;;;;;;
;One meal with meat, chicken or fish (or vegetarian equivalant) at least once a day (2009, 2013 & 2014 module);;;;;;;;;;;;;;;;;;;;;;;HD140;;;;HD140;;;;;;;;;;;;;;;;HD140;;;;;;;;;;;;;;;;;;;;;
;Books at home suitable for their age (2009, 2013 & 2014 module);;;;;;;;;;;;;;;;;;;;;;;HD150;;;;HD150;;;;;;;;;;;;;;;;HD150;;;;;;;;;;;;;;;;;;;;;
;Outdoor leisure equipment (bicycle, roller skates, etc.) (2009, 2013 & 2014 module);;;;;;;;;;;;;;;;;;;;;;;HD160;;;;HD160;;;;;;;;;;;;;;;;HD160;;;;;;;;;;;;;;;;;;;;;
;Indoor games (educational baby toys, building blocks, board games, computergames, etc.) (2009, 2013 & 2014 module);;;;;;;;;;;;;;;;;;;;;;;HD170;;;;HD170;;;;;;;;;;;;;;;;HD170;;;;;;;;;;;;;;;;;;;;;
;Regular leisure activity (swimming, playing an instrument, youth organisations, etc.) (2009, 2013 & 2014 module);;;;;;;;;;;;;;;;;;;;;;;HD180;;;;HD180;;;;;;;;;;;;;;;;HD180;;;;;;;;;;;;;;;;;;;;;
;Celebrations on special occasions (birthdays, name days, religious events, etc.) (2009, 2013 & 2014 module);;;;;;;;;;;;;;;;;;;;;;;HD190;;;;HD190;;;;;;;;;;;;;;;;HD190;;;;;;;;;;;;;;;;;;;;;
;Invite friends round to play and eat from time to time (2009, 2013 & 2014 module);;;;;;;;;;;;;;;;;;;;;;;HD200;;;;HD200;;;;;;;;;;;;;;;;HD200;;;;;;;;;;;;;;;;;;;;;
;Participate in school trips and school events that cost money (2009, 2013 & 2014 module);;;;;;;;;;;;;;;;;;;;;;;HD210;;;;HD210;;;;;;;;;;;;;;;;HD210;;;;;;;;;;;;;;;;;;;;;
;Suitableplace to study or do homework (2009, 2013 & 2014 module);;;;;;;;;;;;;;;;;;;;;;;HD220;;;;HD220;;;;;;;;;;;;;;;;HD220;;;;;;;;;;;;;;;;;;;;;
;Outdoor space in the neighbourhood where children can play safely (2009 module);;;;;;;;;;;;;;;;;;;;;;;;;;;;;;;;;;;;;;;;;;;HD230;;;;;;;;;;;;;;;;;;;;;
;Go on holiday away from home at least 1 week per year (2009, 2013 & 2014 module);;;;;;;;;;;;;;;;;;;;;;;HD240;;;;HD240;;;;;;;;;;;;;;;;HD240;;;;;;;;;;;;;;;;;;;;;
;Unmet need for consulting a gp or specialist, excluding dentists a and ophthalmologists (2009 module);;;;;;;;;;;;;;;;;;;;;;;;;;;;;;;;;;;;;;;;;;;HD250;;;;;;;;;;;;;;;;;;;;;
;Main reason for unmet need for consulting a gp or specialist, excluding dentists a and ophthalmologists (2009 module);;;;;;;;;;;;;;;;;;;;;;;;;;;;;;;;;;;;;;;;;;;HD255;;;;;;;;;;;;;;;;;;;;;
;Unmet need for consulting a dentist (2009 module);;;;;;;;;;;;;;;;;;;;;;;;;;;;;;;;;;;;;;;;;;;HD260;;;;;;;;;;;;;;;;;;;;;
;Main reason for unmet need for consulting a dentist (2009 module);;;;;;;;;;;;;;;;;;;;;;;;;;;;;;;;;;;;;;;;;;;HD265;;;;;;;;;;;;;;;;;;;;;
10.7.2 Material deprivation: Personal data (2009, 2013, 2014 & 2015 module);;;;;;;;;;;;;;;;;;;;;;;;;;;;;;;;;;;;;;;;;;;;;;;;;;;;;;;;;;;;;;;;;
;Mobile Phone (2009 module);;;;;;;;;;;;;;;;;;;;;;;;;;;;;;;;;;;;;;;;;PD010;;;;;;;;;;;;;;;;;;;;;;;
;"Replace worn-out clothes by some new (not second-hand) ones (2009, 2013, 2014 & 2015 module; 2017ff. target variable)";PD020;;;;PD020;;;;PD020;;;;PD020;;;;PD020;;;;PD020;;;;PD020;;;;;;;;;;;;;;;;PD020;;;;;;;;;;;;;;;;;;;;;;;
;"Two pairs of properly fitting shoes (including a pair of all-weather shoes) (2009, 2013, 2014 & 2015 module; 2017ff. target variable)";PD030;;;;PD030;;;;PD030;;;;PD030;;;;PD030;;;;PD030;;HD110;;PD030;;;;;;;;;;;;;;;;PD030;;;;;;;;;;;;;;;;;;;;;;;
;Number of visits to general practitioners (GP`S) and specialists, excluding dentists and ophthalmologists (2009 module);;;;;;;;;;;;;;;;;;;;;;;;;;;;;;;;;;;;;;;;;PD040;;;;;;;;;;;;;;;;;;;;;;;
;"Get-together with friends/family (relatives) for a drink/meal at least once a month (2009, 2013, 2014 & 2015 module; 2017ff. target variable)";PD050;;;;PD050;;;;PD050;;;;PD050;;;;PD050;;;;PD050;;;;PD050;;;;;;;;;;;;;;;;PD050;;;;;;;;;;;;;;;;;;;;;;;
;"Regularly participate in a leisure activity such as sport, cinema, concert (2009, 2013, 2014 & 2015 module; 2017ff. target variable)";PD060;;;;PD060;;;;PD060;;;;PD060;;;;PD060;;;;PD060;;;;PD060;;;;;;;;;;;;;;;;PD060;;;;;;;;;;;;;;;;;;;;;;;
;"Spend a small amount of money each week on yourself (2009, 2013, 2014 & 2015 module; 2017ff. target variable)";PD070;;;;PD070;;;;PD070;;;;PD070;;;;PD070;;;;PD070;;;;PD070;;;;;;;;;;;;;;;;PD070;;;;;;;;;;;;;;;;;;;;;;;
;"Internet connection for personal use at home (2009, 2013, 2014 & 2015 module; 2017ff. target variable)";PD080;;;;PD080;;;;PD080;;;;PD080;;;;PD080;;;;PD080;;;;PD080;;;;;;;;;;;;;;;;;;;;;;;;;;;;;;;;;;;;;;;
;Regular use of public transport   OPTIONAL (2009, 2013 & 2014 module);;;;;;;;;;;;;;;;;;;;;PD090;;;;PD090;;;;;;;;;;;;;;;;;;;;;;;;;;;;;;;;;;;;;;;
10.8 Over-indebtedness and financial exclusion (2008 module);;;;;;;;;;;;;;;;;;;;;;;;;;;;;;;;;;;;;;;;;;;;;;;;;;;;;;;;;;;;;;;;;
;Household has a bank current account (2008 module);;;;;;;;;;;;;;;;;;;;;;;;;;;;;;;;;;;;;;;;;;;;;;;MI010;;;;;;;;;;;;;;;;;
;Household is overdrawn on one of its bank accounts (2008 module);;;;;;;;;;;;;;;;;;;;;;;;;;;;;;;;;;;;;;;;;;;;;;;MI020;;;;;;;;;;;;;;;;;
;Estimated total amount unbalanced on hhld banks accounts in classes (2008 module);;;;;;;;;;;;;;;;;;;;;;;;;;;;;;;;;;;;;;;;;;;;;;;MI025;;;;;;;;;;;;;;;;;
;Total amount unbalanced on hhld banks accounts (exact amount) Optional Variable (2008 module);;;;;;;;;;;;;;;;;;;;;;;;;;;;;;;;;;;;;;;;;;;;;;;MI026;;;;;;;;;;;;;;;;;
;Household has credit card(s) and/or store card(s) (2008 module);;;;;;;;;;;;;;;;;;;;;;;;;;;;;;;;;;;;;;;;;;;;;;;MI030;;;;;;;;;;;;;;;;;
;Household has credit card(s) and/or store card(s) with un-cleared balances (2008 module);;;;;;;;;;;;;;;;;;;;;;;;;;;;;;;;;;;;;;;;;;;;;;;MI040;;;;;;;;;;;;;;;;;
;Estimated total amount unbalanced at the last monthly statement on household credit/store cards in classes (2008 module);;;;;;;;;;;;;;;;;;;;;;;;;;;;;;;;;;;;;;;;;;;;;;;MI045;;;;;;;;;;;;;;;;;
;Total amount unbalanced at the last monthly statement on hhld credit/store cards (exact amounts) Optional Variable (2008 module);;;;;;;;;;;;;;;;;;;;;;;;;;;;;;;;;;;;;;;;;;;;;;;MI046;;;;;;;;;;;;;;;;;
;Household has credits or loans (other than mortgage for the main dwelling) (2008 module);;;;;;;;;;;;;;;;;;;;;;;;;;;;;;;;;;;;;;;;;;;;;;;MI050;;;;;;;;;;;;;;;;;
;Household has mortgage for other than the main dwelling (2008 module);;;;;;;;;;;;;;;;;;;;;;;;;;;;;;;;;;;;;;;;;;;;;;;MI051;;;;;;;;;;;;;;;;;
;Household has hire purchase instalments (e. g. leasing, car, technical equipment) (2008 module);;;;;;;;;;;;;;;;;;;;;;;;;;;;;;;;;;;;;;;;;;;;;;;MI052;;;;;;;;;;;;;;;;;
;Household has home-related credit/loans (inventory, domestic appliances, repairs) (2008 module);;;;;;;;;;;;;;;;;;;;;;;;;;;;;;;;;;;;;;;;;;;;;;;MI053;;;;;;;;;;;;;;;;;
;Household has credit/loans to pay for holidays/leisure (2008 module);;;;;;;;;;;;;;;;;;;;;;;;;;;;;;;;;;;;;;;;;;;;;;;MI054;;;;;;;;;;;;;;;;;
;Household has credit/loans to pay for education or child care (2008 module);;;;;;;;;;;;;;;;;;;;;;;;;;;;;;;;;;;;;;;;;;;;;;;MI055;;;;;;;;;;;;;;;;;
;Household has credit/loans to pay for health issues (2008 module);;;;;;;;;;;;;;;;;;;;;;;;;;;;;;;;;;;;;;;;;;;;;;;MI056;;;;;;;;;;;;;;;;;
;Household has credit/loans for investment or business start-up (2008 module);;;;;;;;;;;;;;;;;;;;;;;;;;;;;;;;;;;;;;;;;;;;;;;MI057;;;;;;;;;;;;;;;;;
;Household has other cash loans (debt conversion, to cover overdraft, credit card and other bills, etc. ) (2008 module);;;;;;;;;;;;;;;;;;;;;;;;;;;;;;;;;;;;;;;;;;;;;;;MI058;;;;;;;;;;;;;;;;;
;Arrears on other non-housing household bills (2008 module);;;;;;;;;;;;;;;;;;;;;;;;;;;;;;;;;;;;;;;;;;;;;;;MI060;;;;;;;;;;;;;;;;;
;Estimated total amount currently in arrears for other non-housing household bills in classes (2008 module);;;;;;;;;;;;;;;;;;;;;;;;;;;;;;;;;;;;;;;;;;;;;;;MI065;;;;;;;;;;;;;;;;;
;Total amount currently in arrears for other non-housing household bills (exact amounts) Optional Variable (2008 module);;;;;;;;;;;;;;;;;;;;;;;;;;;;;;;;;;;;;;;;;;;;;;;MI066;;;;;;;;;;;;;;;;;
;Estimated total amount currently in arrears for household housing bills/repayments in classes (2008 module);;;;;;;;;;;;;;;;;;;;;;;;;;;;;;;;;;;;;;;;;;;;;;;MI075;;;;;;;;;;;;;;;;;
;Total amount currently in arrears for household housing bills/repayments (exact amounts) Optional Variable (2008 module);;;;;;;;;;;;;;;;;;;;;;;;;;;;;;;;;;;;;;;;;;;;;;;MI076;;;;;;;;;;;;;;;;;
;Estimated total amount currently in arrears for household other loans and credit repayment in classes (2008 module);;;;;;;;;;;;;;;;;;;;;;;;;;;;;;;;;;;;;;;;;;;;;;;MI085;;;;;;;;;;;;;;;;;
;Total amount currently in arrears for household other loans and credit repayment (exact amounts) Optional Variable (2008 module);;;;;;;;;;;;;;;;;;;;;;;;;;;;;;;;;;;;;;;;;;;;;;;MI086;;;;;;;;;;;;;;;;;
;Major drop in household income during the last 12 months (2008 module);;;;;;;;;;;;;;;;;;;;;;;;;;;;;;;;;;;;;;;;;;;;;;;MI090;;;;;;;;;;;;;;;;;
;Main reason for drop in income (2008 module);;;;;;;;;;;;;;;;;;;;;;;;;;;;;;;;;;;;;;;;;;;;;;;MI095;;;;;;;;;;;;;;;;;
;Expectation of financial situation in the next 12 months (2008 module);;;;;;;;;;;;;;;;;;;;;;;;;;;;;;;;;;;;;;;;;;;;;;;MI100;;;;;;;;;;;;;;;;;
;Household does not need an account and prefers to deal in cash (2008 module);;;;;;;;;;;;;;;;;;;;;;;;;;;;;;;;;;;;;;;;;;;;;;;MI110;;;;;;;;;;;;;;;;;
;The charges are too high (2008 module);;;;;;;;;;;;;;;;;;;;;;;;;;;;;;;;;;;;;;;;;;;;;;;MI111;;;;;;;;;;;;;;;;;
;There is no bank branch near where household lives or works (2008 module);;;;;;;;;;;;;;;;;;;;;;;;;;;;;;;;;;;;;;;;;;;;;;;MI112;;;;;;;;;;;;;;;;;
;Household has applied for an account and been turned down (2008 module);;;;;;;;;;;;;;;;;;;;;;;;;;;;;;;;;;;;;;;;;;;;;;;MI113;;;;;;;;;;;;;;;;;
;Banks would refuse household (2008 module);;;;;;;;;;;;;;;;;;;;;;;;;;;;;;;;;;;;;;;;;;;;;;;MI114;;;;;;;;;;;;;;;;;
;Household does not need to borrow at all (2008 module);;;;;;;;;;;;;;;;;;;;;;;;;;;;;;;;;;;;;;;;;;;;;;;MI120;;;;;;;;;;;;;;;;;
;Household can borrow from family or friends (2008 module);;;;;;;;;;;;;;;;;;;;;;;;;;;;;;;;;;;;;;;;;;;;;;;MI121;;;;;;;;;;;;;;;;;
;Household will not be able to repay debt (2008 module);;;;;;;;;;;;;;;;;;;;;;;;;;;;;;;;;;;;;;;;;;;;;;;MI122;;;;;;;;;;;;;;;;;
;Household has applied for credit and been turned down (2008 module);;;;;;;;;;;;;;;;;;;;;;;;;;;;;;;;;;;;;;;;;;;;;;;MI123;;;;;;;;;;;;;;;;;
;Household used to have credit but the facility was withdrawn (2008 module);;;;;;;;;;;;;;;;;;;;;;;;;;;;;;;;;;;;;;;;;;;;;;;MI124;;;;;;;;;;;;;;;;;
;Banks would refuse to give credit to household (2008 module);;;;;;;;;;;;;;;;;;;;;;;;;;;;;;;;;;;;;;;;;;;;;;;MI125;;;;;;;;;;;;;;;;;
10.9 Housing conditions (2007 & 2012 module);;;;;;;;;;;;;;;;;;;;;;;;;;;;;;;;;;;;;;;;;;;;;;;;;;;;;;;;;;;;;;;;;
;Shortage of space in dwelling (2007 & 2012 module);;;;;;;;;;;;;;;;;;;;;;;;;;;;;;;HC010;;;;;;;;;;;;;;;;;;;;MH010;;;;;;;;;;;;;
;Size of the dwelling in square meters (2012 module);;;;;;;;;;;;;;;;;;;;;;;;;;;;;;;HC030 HC020;;;;;;;;;;;;;;;;;;;;;;;;;;;;;;;;;
;Adequate electrical installations (2007 & 2012 module);;;;;;;;;;;;;;;;;;;;;;;;;;;;;;;;;;;;;;;;;;;;;;;;;;;MH020;;;;;;;;;;;;;
;Adequate plumbing/water installations (2007 & 2012 module);;;;;;;;;;;;;;;;;;;;;;;;;;;;;;;HC040;;;;;;;;;;;;;;;;;;;;MH030;;;;;;;;;;;;;
;Dwelling equipped with heating facilities (2007 & 2012 module);;;;;;;;;;;;;;;;;;;;;;;;;;;;;;;HC050;;;;;;;;;;;;;;;;;;;;MH040;;;;;;;;;;;;;
;Dwelling comfortably warm during winter time (2007 & 2012 module);;;;;;;;;;;;;;;;;;;;;;;;;;;;;;;HC060;;;;;;;;;;;;;;;;;;;;MH050;;;;;;;;;;;;;
;Dwelling equipped with air conditioning facilities (2007 module);;;;;;;;;;;;;;;;;;;;;;;;;;;;;;;;;;;;;;;;;;;;;;;;;;;MH060;;;;;;;;;;;;;
;Dwelling comfortably cool during summer time (2007 & 2012 module);;;;;;;;;;;;;;;;;;;;;;;;;;;;;;;HC070;;;;;;;;;;;;;;;;;;;;MH070;;;;;;;;;;;;;
;Overall satisfaction with dwelling (2007 & 2012 module);;;;;;;;;;;;;;;;;;;;;;;;;;;;;;;HC080;;;;;;;;;;;;;;;;;;;;MH080;;;;;;;;;;;;;
;Accessibility of grocery services (2007 & 2012 module);;;;;;;;;;;;;;;;;;;;;;;;;;;;;;;HC090;;;;;;;;;;;;;;;;;;;;MH090;;;;;;;;;;;;;
;Accessibility of banking services (2007 & 2012 module);;;;;;;;;;;;;;;;;;;;;;;;;;;;;;;HC100;;;;;;;;;;;;;;;;;;;;MH100;;;;;;;;;;;;;
;Accessibility of postal services (2007 & 2012 module);;;;;;;;;;;;;;;;;;;;;;;;;;;;;;;HC110;;;;;;;;;;;;;;;;;;;;MH110;;;;;;;;;;;;;
;Accessibility of public transport (2007 & 2012 module);;;;;;;;;;;;;;;;;;;;;;;;;;;;;;;HC120;;;;;;;;;;;;;;;;;;;;MH120;;;;;;;;;;;;;
;Accessibility of primary health care services (2007 & 2012 module);;;;;;;;;;;;;;;;;;;;;;;;;;;;;;;HC130;;;;;;;;;;;;;;;;;;;;MH130;;;;;;;;;;;;;
;Accessibility of compulsory school (2007 & 2012 module);;;;;;;;;;;;;;;;;;;;;;;;;;;;;;;HC140;;;;;;;;;;;;;;;;;;;;MH140;;;;;;;;;;;;;
;Change of dwelling (2007 & 2012 module);;;;;;;;;;;;;;;;;;;;;;;;;;;;;PC170;;;;;;;;;;;;;;;;;;;;;;MH150;;;;;;;;;;;;;
;Main reason for change of dwelling (2007 & 2012 module);;;;;;;;;;;;;;;;;;;;;;;;;;;;;PC180;;;;;;;;;;;;;;;;;;;;;;MH160;;;;;;;;;;;;;
;Immediate risk of changing the dwelling (2012 module);;;;;;;;;;;;;;;;;;;;;;;;;;;;;;;HC150;;;;;;;;;;;;;;;;;;;;;;;;;;;;;;;;;
;Main reason for the expectation to be forced to leave the dwelling (2012 module);;;;;;;;;;;;;;;;;;;;;;;;;;;;;;;HC160;;;;;;;;;;;;;;;;;;;;;;;;;;;;;;;;;
10.10 Social participation (2006 & 2015 module);;;;;;;;;;;;;;;;;;;;;;;;;;;;;;;;;;;;;;;;;;;;;;;;;;;;;;;;;;;;;;;;;
;Personal cross-sectional weight (2006 module);;;;;;;;;;;;;;;;;;;;;;;;;;;;;;;;;;;;;;;;;;;;;;;;;;;;;PS005;;;;;;;;;;;
;Number of times going to the cinema (2006 & 2015 module);;;;;;;;;;;;;;;;;PS010;;;;;;;;;;;;;;;;;;;;;;;;;;;;;;;;;;;;PS010;;;;;;;;;;;
;Number of times going to live performances (plays, concerts, operas, ballet and dance) (2006 & 2015 module);;;;;;;;;;;;;;;;;PS020;;;;;;;;;;;;;;;;;;;;;;;;;;;;;;;;;;;;PS020;;;;;;;;;;;
;Number of visits to cultural sites (2006 & 2015 module);;;;;;;;;;;;;;;;;PS030;;;;;;;;;;;;;;;;;;;;;;;;;;;;;;;;;;;;PS030;;;;;;;;;;;
;Number of times attending sport events (2006 & 2015 module);;;;;;;;;;;;;;;;;PS040;;;;;;;;;;;;;;;;;;;;;;;;;;;;;;;;;;;;PS040;;;;;;;;;;;
;Practice of artistic activities (2015 module);;;;;;;;;;;;;;;;;;;;;;;;;;;;;;;;;;;;;;;;;;;;;;;;;;;;;;;;;;;;;;;;
;Frequency of getting toghether with relatives (2006 & 2015 module);;;;;;;;;;;;;;;;;PS050;;;;;;;;;;;;;;;;;;;;;;;;;;;;;;;;;;;;PS050;;;;;;;;;;;
;Frequency of getting together with friends (2006 & 2015 module);;;;;;;;;;;;;;;;;PS060;;;;;;;;;;;;;;;;;;;;;;;;;;;;;;;;;;;;PS060;;;;;;;;;;;
;Frequency of contacts with relatives (2006 & 2015 module);;;;;;;;;;;;;;;;;PS070;;;;;;;;;;;;;;;;;;;;;;;;;;;;;;;;;;;;PS070;;;;;;;;;;;
;Frequency of contacts with friends (2006 & 2015 module);;;;;;;;;;;;;;;;;PS080;;;;;;;;;;;;;;;;;;;;;;;;;;;;;;;;;;;;PS080;;;;;;;;;;;
;Communication via social media (2015 module);;;;;;;;;;;;;;;;;;;;;;;;;;;;;;;;;;;;;;;;;;;;;;;;;;;;;;;;;;;;;;;;
;Ability to ask any relative, friend or neighbour for help (2006 & 2015 module);;;;;;;;;;;;;;;;;PS090;;;;;;;;;;;;;;;;;;;;;;;;;;;;;;;;;;;;PS090;;;;;;;;;;;
;Personal matters (anyone to discuss with) (2015 module);;;;;;;;;;;;;;;;;;;;;;;;;;;;;;;;;;;;;;;;;;;;;;;;;;;;;;;;;;;;;;;;
;Active citizenship (2015 module);;;;;;;;;;;;;;;;;PS102;;;;;;;;;;;;;;;;;;;;;;;;;;;;;;;;;;;;;;;;;;;;;;;
;Participation in informal voluntary activities (2006 & 2015 module);;;;;;;;;;;;;;;;;PS100;;;;;;;;;;;;;;;;;;;;;;;;;;;;;;;;;;;;PS100;;;;;;;;;;;
;Participation in formal volunatry work (2015 module);;;;;;;;;;;;;;;;;;;;;;;;;;;;;;;;;;;;;;;;;;;;;;;;;;;;;;;;;;;;;;;;
;Participation in activities of political parties or trade unions (2006 module);;;;;;;;;;;;;;;;;;;;;;;;;;;;;;;;;;;;;;;;;;;;;;;;;;;;;PS110;;;;;;;;;;;
;Participation in activities of professional organisations (2006 module);;;;;;;;;;;;;;;;;;;;;;;;;;;;;;;;;;;;;;;;;;;;;;;;;;;;;PS120;;;;;;;;;;;
;Participation in activities of churches or other religious organisations (2006 module);;;;;;;;;;;;;;;;;;;;;;;;;;;;;;;;;;;;;;;;;;;;;;;;;;;;;PS130;;;;;;;;;;;
;Participation in activities of recreational groups or organisations (2006 module);;;;;;;;;;;;;;;;;;;;;;;;;;;;;;;;;;;;;;;;;;;;;;;;;;;;;PS140;;;;;;;;;;;
;Participation in activities of charitable organisations (2006 module);;;;;;;;;;;;;;;;;;;;;;;;;;;;;;;;;;;;;;;;;;;;;;;;;;;;;PS150;;;;;;;;;;;
;Participation in activities of other groups or organisations (2006 module);;;;;;;;;;;;;;;;;;;;;;;;;;;;;;;;;;;;;;;;;;;;;;;;;;;;;PS160;;;;;;;;;;;
10.11 Intergenerational Transmission of poverty (2005 module);;;;;;;;;;;;;;;;;;;;;;;;;;;;;;;;;;;;;;;;;;;;;;;;;;;;;;;;;;;;;;;;;
;Personal intergenerational cross-sectional weight (2005 module);;;;;;;;;;;;;;;;;;;;;;;;;;;;;;;;;;;;;;;;;;;;;;;;;;;;;;;;;;;;;;;;
;Main family composition (2005 module);;;;;;;;;;;;;;;;;;;;;;;;;;;;;;;;;;;;;;;;;;;;;;;;;;;;;;;;;PM010;;;;;;;
;Year of birth of father (2005 module);;;;;;;;;;;;;;;;;;;;;;;;;;;;;;;;;;;;;;;;;;;;;;;;;;;;;;;;;PM020;;;;;;;
;Year of birth of mother (2005 module);;;;;;;;;;;;;;;;;;;;;;;;;;;;;;;;;;;;;;;;;;;;;;;;;;;;;;;;;PM030;;;;;;;
;Main Number of siblings (2005 module);;;;;;;;;;;;;;;;;;;;;;;;;;;;;;;;;;;;;;;;;;;;;;;;;;;;;;;;;PM035;;;;;;;
;Highest ISCED level of education attained by father (2005 module);;;;;;;;;;;;;;;;;;;;;;;;;;;;;;;;;;;;;;;;;;;;;;;;;;;;;;;;;PM040;;;;;;;
;Highest ISCED level of education attained by mother (2005 module);;;;;;;;;;;;;;;;;;;;;;;;;;;;;;;;;;;;;;;;;;;;;;;;;;;;;;;;;PM050;;;;;;;
;Main activity status of father (2005 module);;;;;;;;;;;;;;;;;;;;;;;;;;;;;;;;;;;;;;;;;;;;;;;;;;;;;;;;;PM060;;;;;;;
;Main occupation of father (2005 module);;;;;;;;;;;;;;;;;;;;;;;;;;;;;;;;;;;;;;;;;;;;;;;;;;;;;;;;;PM070;;;;;;;
;Main activity status of mother (2005 module);;;;;;;;;;;;;;;;;;;;;;;;;;;;;;;;;;;;;;;;;;;;;;;;;;;;;;;;;PM080;;;;;;;
;Main occupation of mother (2005 module);;;;;;;;;;;;;;;;;;;;;;;;;;;;;;;;;;;;;;;;;;;;;;;;;;;;;;;;;PM090;;;;;;;
;Financial problems in household when young teenager (2005 module);;;;;;;;;;;;;;;;;;;;;;;;;;;;;;;;;;;;;;;;;;;;;;;;;;;;;;;;;PM100;;;;;;;